2025-12-26 09:47:06 - app - INFO - startup:15 - Starting Cosmetics Inventory API
2025-12-26 09:47:06 - app - INFO - startup:18 - Database tables created/verified successfully
2025-12-26 09:47:09 - app - INFO - shutdown:22 - Shutting down Cosmetics Inventory API
2025-12-26 09:47:11 - app - INFO - startup:15 - Starting Cosmetics Inventory API
2025-12-26 09:47:11 - app - INFO - startup:18 - Database tables created/verified successfully
2025-12-26 09:47:11 - app - INFO - shutdown:22 - Shutting down Cosmetics Inventory API
2025-12-26 09:47:12 - app - INFO - startup:15 - Starting Cosmetics Inventory API
2025-12-26 09:47:12 - app - INFO - startup:18 - Database tables created/verified successfully
2025-12-26 09:47:12 - app - INFO - shutdown:22 - Shutting down Cosmetics Inventory API
2025-12-26 09:47:13 - app - INFO - startup:15 - Starting Cosmetics Inventory API
2025-12-26 09:47:13 - app - INFO - startup:18 - Database tables created/verified successfully
2025-12-26 09:47:14 - app - INFO - shutdown:22 - Shutting down Cosmetics Inventory API
2025-12-26 09:47:16 - app - INFO - startup:15 - Starting Cosmetics Inventory API
2025-12-26 09:47:16 - app - INFO - startup:18 - Database tables created/verified successfully
2025-12-26 09:47:21 - app - INFO - shutdown:22 - Shutting down Cosmetics Inventory API
2025-12-26 09:47:23 - app - INFO - startup:15 - Starting Cosmetics Inventory API
2025-12-26 09:47:23 - app - INFO - startup:18 - Database tables created/verified successfully
2025-12-26 09:47:28 - app - INFO - shutdown:22 - Shutting down Cosmetics Inventory API
2025-12-26 09:47:29 - app - INFO - startup:15 - Starting Cosmetics Inventory API
2025-12-26 09:47:29 - app - INFO - startup:18 - Database tables created/verified successfully
2025-12-26 09:47:32 - app - INFO - shutdown:22 - Shutting down Cosmetics Inventory API
2025-12-26 09:47:33 - app - INFO - startup:15 - Starting Cosmetics Inventory API
2025-12-26 09:47:33 - app - INFO - startup:18 - Database tables created/verified successfully
2025-12-26 09:47:36 - app - INFO - shutdown:22 - Shutting down Cosmetics Inventory API
2025-12-26 09:47:38 - app - INFO - startup:15 - Starting Cosmetics Inventory API
2025-12-26 09:47:38 - app - INFO - startup:18 - Database tables created/verified successfully
2025-12-26 09:47:39 - app - INFO - shutdown:22 - Shutting down Cosmetics Inventory API
2025-12-26 09:47:40 - app - INFO - startup:15 - Starting Cosmetics Inventory API
2025-12-26 09:47:40 - app - INFO - startup:18 - Database tables created/verified successfully
2025-12-26 09:47:44 - app - INFO - shutdown:22 - Shutting down Cosmetics Inventory API
2025-12-26 09:47:46 - app - INFO - startup:15 - Starting Cosmetics Inventory API
2025-12-26 09:47:46 - app - INFO - startup:18 - Database tables created/verified successfully
2025-12-26 09:47:46 - app - INFO - shutdown:22 - Shutting down Cosmetics Inventory API
2025-12-26 09:47:47 - app - INFO - startup:15 - Starting Cosmetics Inventory API
2025-12-26 09:47:47 - app - INFO - startup:18 - Database tables created/verified successfully
2025-12-26 09:47:47 - app - INFO - shutdown:22 - Shutting down Cosmetics Inventory API
2025-12-26 09:47:48 - app - INFO - startup:15 - Starting Cosmetics Inventory API
2025-12-26 09:47:48 - app - INFO - startup:18 - Database tables created/verified successfully
2025-12-26 09:48:07 - app - INFO - shutdown:22 - Shutting down Cosmetics Inventory API
2025-12-26 09:48:08 - app - INFO - startup:15 - Starting Cosmetics Inventory API
2025-12-26 09:48:08 - app - INFO - startup:18 - Database tables created/verified successfully
2025-12-26 09:48:14 - app - INFO - shutdown:22 - Shutting down Cosmetics Inventory API
2025-12-26 09:48:16 - app - INFO - startup:15 - Starting Cosmetics Inventory API
2025-12-26 09:48:16 - app - INFO - startup:18 - Database tables created/verified successfully
2025-12-26 09:48:21 - app - INFO - shutdown:22 - Shutting down Cosmetics Inventory API
2025-12-26 09:48:23 - app - INFO - startup:15 - Starting Cosmetics Inventory API
2025-12-26 09:48:23 - app - INFO - startup:18 - Database tables created/verified successfully
2025-12-26 09:48:26 - app - INFO - shutdown:22 - Shutting down Cosmetics Inventory API
2025-12-26 09:48:28 - app - INFO - startup:15 - Starting Cosmetics Inventory API
2025-12-26 09:48:28 - app - INFO - startup:18 - Database tables created/verified successfully
2025-12-26 09:48:33 - app - INFO - shutdown:22 - Shutting down Cosmetics Inventory API
2025-12-26 09:48:34 - app - INFO - startup:15 - Starting Cosmetics Inventory API
2025-12-26 09:48:34 - app - INFO - startup:18 - Database tables created/verified successfully
2025-12-26 09:48:42 - app - INFO - shutdown:22 - Shutting down Cosmetics Inventory API
2025-12-26 09:48:43 - app - INFO - startup:15 - Starting Cosmetics Inventory API
2025-12-26 09:48:43 - app - INFO - startup:18 - Database tables created/verified successfully
2025-12-26 09:48:48 - app - INFO - shutdown:22 - Shutting down Cosmetics Inventory API
2025-12-26 09:48:49 - app - INFO - startup:15 - Starting Cosmetics Inventory API
2025-12-26 09:48:49 - app - INFO - startup:18 - Database tables created/verified successfully
2025-12-26 09:48:54 - app - INFO - shutdown:22 - Shutting down Cosmetics Inventory API
2025-12-26 09:48:55 - app - INFO - startup:15 - Starting Cosmetics Inventory API
2025-12-26 09:48:55 - app - INFO - startup:18 - Database tables created/verified successfully
2025-12-26 09:49:00 - app - INFO - shutdown:22 - Shutting down Cosmetics Inventory API
2025-12-26 09:49:02 - app - INFO - startup:15 - Starting Cosmetics Inventory API
2025-12-26 09:49:02 - app - INFO - startup:18 - Database tables created/verified successfully
2025-12-26 09:49:03 - app - INFO - shutdown:22 - Shutting down Cosmetics Inventory API
2025-12-26 09:49:05 - app - INFO - startup:15 - Starting Cosmetics Inventory API
2025-12-26 09:49:05 - app - INFO - startup:18 - Database tables created/verified successfully
2025-12-26 09:49:05 - app - INFO - shutdown:22 - Shutting down Cosmetics Inventory API
2025-12-26 09:49:07 - app - INFO - startup:15 - Starting Cosmetics Inventory API
2025-12-26 09:49:07 - app - INFO - startup:18 - Database tables created/verified successfully
2025-12-26 09:49:09 - app - INFO - shutdown:22 - Shutting down Cosmetics Inventory API
2025-12-26 09:49:10 - app - INFO - startup:15 - Starting Cosmetics Inventory API
2025-12-26 09:49:10 - app - INFO - startup:18 - Database tables created/verified successfully
2025-12-26 09:49:17 - app - INFO - shutdown:22 - Shutting down Cosmetics Inventory API
2025-12-26 09:49:18 - app - INFO - startup:15 - Starting Cosmetics Inventory API
2025-12-26 09:49:18 - app - INFO - startup:18 - Database tables created/verified successfully
2025-12-26 09:49:22 - app - INFO - startup:15 - Starting Cosmetics Inventory API
2025-12-26 09:49:22 - app - INFO - startup:18 - Database tables created/verified successfully
2025-12-26 09:49:22 - app - INFO - shutdown:22 - Shutting down Cosmetics Inventory API
2025-12-26 09:49:24 - app - INFO - shutdown:22 - Shutting down Cosmetics Inventory API
2025-12-26 09:49:26 - app - INFO - startup:15 - Starting Cosmetics Inventory API
2025-12-26 09:49:26 - app - INFO - startup:18 - Database tables created/verified successfully
2025-12-26 09:49:40 - app - INFO - startup:15 - Starting Cosmetics Inventory API
2025-12-26 09:49:40 - app - INFO - startup:18 - Database tables created/verified successfully
2025-12-26 09:50:08 - app - INFO - shutdown:22 - Shutting down Cosmetics Inventory API
2025-12-26 09:51:45 - app - INFO - shutdown:22 - Shutting down Cosmetics Inventory API
2025-12-26 09:51:47 - app - INFO - startup:15 - Starting Cosmetics Inventory API
2025-12-26 09:51:47 - app - INFO - startup:18 - Database tables created/verified successfully
2025-12-26 09:51:47 - app - INFO - shutdown:22 - Shutting down Cosmetics Inventory API
2025-12-26 09:51:48 - app - INFO - startup:15 - Starting Cosmetics Inventory API
2025-12-26 09:51:48 - app - INFO - startup:18 - Database tables created/verified successfully
2025-12-26 09:51:50 - app.sample_data - INFO - populate_sample_data:136 - Starting sample data population...
2025-12-26 09:51:50 - app.sample_data - INFO - create_sample_categories:22 - Creating sample categories...
2025-12-26 09:51:50 - app.dbAccess.category - DEBUG - create_category:24 - Creating category: Skincare
2025-12-26 09:51:50 - app.dbAccess.category - DEBUG - create_category:29 - Category created with ID: 8
2025-12-26 09:51:50 - app.sample_data - INFO - create_sample_categories:36 - Created category: Skincare
2025-12-26 09:51:50 - app.dbAccess.category - DEBUG - create_category:24 - Creating category: Makeup
2025-12-26 09:51:50 - app.sample_data - ERROR - populate_sample_data:156 - Error during sample data population: (sqlite3.IntegrityError) UNIQUE constraint failed: categories.name
[SQL: INSERT INTO categories (name, description) VALUES (?, ?)]
[parameters: ('Makeup', 'Cosmetic makeup products')]
(Background on this error at: https://sqlalche.me/e/20/gkpj)
2025-12-26 09:51:54 - app - INFO - shutdown:22 - Shutting down Cosmetics Inventory API
2025-12-26 09:51:55 - app - INFO - startup:15 - Starting Cosmetics Inventory API
2025-12-26 09:51:55 - app - INFO - startup:18 - Database tables created/verified successfully
2025-12-26 09:52:16 - app - INFO - shutdown:22 - Shutting down Cosmetics Inventory API
2025-12-26 09:52:17 - app - INFO - startup:15 - Starting Cosmetics Inventory API
2025-12-26 09:52:17 - app - INFO - startup:18 - Database tables created/verified successfully
2025-12-26 09:52:18 - app.sample_data - INFO - populate_sample_data:145 - Starting sample data population...
2025-12-26 09:52:18 - app.sample_data - INFO - clear_database:22 - Clearing existing database data...
2025-12-26 09:52:18 - app.sample_data - INFO - clear_database:27 - Database cleared and recreated successfully
2025-12-26 09:52:18 - app.sample_data - INFO - create_sample_categories:31 - Creating sample categories...
2025-12-26 09:52:18 - app.dbAccess.category - DEBUG - create_category:24 - Creating category: Skincare
2025-12-26 09:52:18 - app.dbAccess.category - DEBUG - create_category:29 - Category created with ID: 1
2025-12-26 09:52:18 - app.sample_data - INFO - create_sample_categories:45 - Created category: Skincare
2025-12-26 09:52:18 - app.dbAccess.category - DEBUG - create_category:24 - Creating category: Makeup
2025-12-26 09:52:18 - app.dbAccess.category - DEBUG - create_category:29 - Category created with ID: 2
2025-12-26 09:52:18 - app.sample_data - INFO - create_sample_categories:45 - Created category: Makeup
2025-12-26 09:52:19 - app.dbAccess.category - DEBUG - create_category:24 - Creating category: Hair Care
2025-12-26 09:52:19 - app.dbAccess.category - DEBUG - create_category:29 - Category created with ID: 3
2025-12-26 09:52:19 - app.sample_data - INFO - create_sample_categories:45 - Created category: Hair Care
2025-12-26 09:52:19 - app.dbAccess.category - DEBUG - create_category:24 - Creating category: Fragrance
2025-12-26 09:52:19 - app.dbAccess.category - DEBUG - create_category:29 - Category created with ID: 4
2025-12-26 09:52:19 - app.sample_data - INFO - create_sample_categories:45 - Created category: Fragrance
2025-12-26 09:52:19 - app.dbAccess.category - DEBUG - create_category:24 - Creating category: Nail Care
2025-12-26 09:52:19 - app.dbAccess.category - DEBUG - create_category:29 - Category created with ID: 5
2025-12-26 09:52:19 - app.sample_data - INFO - create_sample_categories:45 - Created category: Nail Care
2025-12-26 09:52:19 - app.sample_data - INFO - create_sample_suppliers:51 - Creating sample suppliers...
2025-12-26 09:52:19 - app.dbAccess.supplier - DEBUG - create_supplier:27 - Creating supplier: BeautyCorp
2025-12-26 09:52:19 - app.dbAccess.supplier - DEBUG - create_supplier:32 - Supplier created with ID: 1
2025-12-26 09:52:19 - app.sample_data - INFO - create_sample_suppliers:65 - Created supplier: BeautyCorp
2025-12-26 09:52:19 - app.dbAccess.supplier - DEBUG - create_supplier:27 - Creating supplier: CosmeticPlus
2025-12-26 09:52:19 - app.dbAccess.supplier - DEBUG - create_supplier:32 - Supplier created with ID: 2
2025-12-26 09:52:19 - app.sample_data - INFO - create_sample_suppliers:65 - Created supplier: CosmeticPlus
2025-12-26 09:52:19 - app.dbAccess.supplier - DEBUG - create_supplier:27 - Creating supplier: LuxuryBrands
2025-12-26 09:52:19 - app.dbAccess.supplier - DEBUG - create_supplier:32 - Supplier created with ID: 3
2025-12-26 09:52:19 - app.sample_data - INFO - create_sample_suppliers:65 - Created supplier: LuxuryBrands
2025-12-26 09:52:19 - app.dbAccess.supplier - DEBUG - create_supplier:27 - Creating supplier: NaturalGlow
2025-12-26 09:52:19 - app.dbAccess.supplier - DEBUG - create_supplier:32 - Supplier created with ID: 4
2025-12-26 09:52:19 - app.sample_data - INFO - create_sample_suppliers:65 - Created supplier: NaturalGlow
2025-12-26 09:52:19 - app.dbAccess.supplier - DEBUG - create_supplier:27 - Creating supplier: TrendyCosmetics
2025-12-26 09:52:19 - app.dbAccess.supplier - DEBUG - create_supplier:32 - Supplier created with ID: 5
2025-12-26 09:52:19 - app.sample_data - INFO - create_sample_suppliers:65 - Created supplier: TrendyCosmetics
2025-12-26 09:52:19 - app.sample_data - INFO - create_sample_products:71 - Creating sample products...
2025-12-26 09:52:19 - app.sample_data - ERROR - populate_sample_data:168 - Error during sample data population: greenlet_spawn has not been called; can't call await_only() here. Was IO attempted in an unexpected place? (Background on this error at: https://sqlalche.me/e/20/xd2s)
2025-12-26 09:52:22 - app - INFO - shutdown:22 - Shutting down Cosmetics Inventory API
2025-12-26 09:52:23 - app - INFO - startup:15 - Starting Cosmetics Inventory API
2025-12-26 09:52:23 - app - INFO - startup:18 - Database tables created/verified successfully
2025-12-26 09:52:29 - app - INFO - shutdown:22 - Shutting down Cosmetics Inventory API
2025-12-26 09:52:31 - app - INFO - startup:15 - Starting Cosmetics Inventory API
2025-12-26 09:52:31 - app - INFO - startup:18 - Database tables created/verified successfully
2025-12-26 09:52:31 - app - INFO - shutdown:22 - Shutting down Cosmetics Inventory API
2025-12-26 09:52:32 - app - INFO - startup:15 - Starting Cosmetics Inventory API
2025-12-26 09:52:32 - app - INFO - startup:18 - Database tables created/verified successfully
2025-12-26 09:53:00 - app - INFO - shutdown:22 - Shutting down Cosmetics Inventory API
2025-12-26 09:53:01 - app - INFO - startup:15 - Starting Cosmetics Inventory API
2025-12-26 09:53:01 - app - INFO - startup:18 - Database tables created/verified successfully
2025-12-26 09:53:03 - app.sample_data - INFO - populate_sample_data:31 - Starting sample data population...
2025-12-26 09:53:03 - app.sample_data - INFO - clear_database:22 - Clearing existing database data...
2025-12-26 09:53:03 - app.sample_data - INFO - clear_database:27 - Database cleared and recreated successfully
2025-12-26 09:53:03 - app.sample_data - INFO - populate_sample_data:39 - Creating sample categories...
2025-12-26 09:53:03 - app.dbAccess.category - DEBUG - create_category:24 - Creating category: Skincare
2025-12-26 09:53:03 - app.dbAccess.category - DEBUG - create_category:29 - Category created with ID: 1
2025-12-26 09:53:03 - app.sample_data - INFO - populate_sample_data:52 - Created category: Skincare
2025-12-26 09:53:03 - app.dbAccess.category - DEBUG - create_category:24 - Creating category: Makeup
2025-12-26 09:53:03 - app.dbAccess.category - DEBUG - create_category:29 - Category created with ID: 2
2025-12-26 09:53:03 - app.sample_data - INFO - populate_sample_data:52 - Created category: Makeup
2025-12-26 09:53:03 - app.dbAccess.category - DEBUG - create_category:24 - Creating category: Hair Care
2025-12-26 09:53:03 - app.dbAccess.category - DEBUG - create_category:29 - Category created with ID: 3
2025-12-26 09:53:03 - app.sample_data - INFO - populate_sample_data:52 - Created category: Hair Care
2025-12-26 09:53:03 - app.dbAccess.category - DEBUG - create_category:24 - Creating category: Fragrance
2025-12-26 09:53:03 - app.dbAccess.category - DEBUG - create_category:29 - Category created with ID: 4
2025-12-26 09:53:03 - app.sample_data - INFO - populate_sample_data:52 - Created category: Fragrance
2025-12-26 09:53:03 - app.dbAccess.category - DEBUG - create_category:24 - Creating category: Nail Care
2025-12-26 09:53:03 - app.dbAccess.category - DEBUG - create_category:29 - Category created with ID: 5
2025-12-26 09:53:03 - app.sample_data - INFO - populate_sample_data:52 - Created category: Nail Care
2025-12-26 09:53:03 - app.sample_data - INFO - populate_sample_data:55 - Creating sample suppliers...
2025-12-26 09:53:03 - app.dbAccess.supplier - DEBUG - create_supplier:27 - Creating supplier: BeautyCorp
2025-12-26 09:53:03 - app.dbAccess.supplier - DEBUG - create_supplier:32 - Supplier created with ID: 1
2025-12-26 09:53:03 - app.sample_data - INFO - populate_sample_data:68 - Created supplier: BeautyCorp
2025-12-26 09:53:03 - app.dbAccess.supplier - DEBUG - create_supplier:27 - Creating supplier: CosmeticPlus
2025-12-26 09:53:03 - app.dbAccess.supplier - DEBUG - create_supplier:32 - Supplier created with ID: 2
2025-12-26 09:53:03 - app.sample_data - INFO - populate_sample_data:68 - Created supplier: CosmeticPlus
2025-12-26 09:53:03 - app.dbAccess.supplier - DEBUG - create_supplier:27 - Creating supplier: LuxuryBrands
2025-12-26 09:53:03 - app.dbAccess.supplier - DEBUG - create_supplier:32 - Supplier created with ID: 3
2025-12-26 09:53:03 - app.sample_data - INFO - populate_sample_data:68 - Created supplier: LuxuryBrands
2025-12-26 09:53:03 - app.dbAccess.supplier - DEBUG - create_supplier:27 - Creating supplier: NaturalGlow
2025-12-26 09:53:03 - app.dbAccess.supplier - DEBUG - create_supplier:32 - Supplier created with ID: 4
2025-12-26 09:53:03 - app.sample_data - INFO - populate_sample_data:68 - Created supplier: NaturalGlow
2025-12-26 09:53:03 - app.dbAccess.supplier - DEBUG - create_supplier:27 - Creating supplier: TrendyCosmetics
2025-12-26 09:53:03 - app.dbAccess.supplier - DEBUG - create_supplier:32 - Supplier created with ID: 5
2025-12-26 09:53:03 - app.sample_data - INFO - populate_sample_data:68 - Created supplier: TrendyCosmetics
2025-12-26 09:53:03 - app.sample_data - INFO - populate_sample_data:71 - Creating sample products...
2025-12-26 09:53:03 - app.sample_data - ERROR - populate_sample_data:140 - Error during sample data population: greenlet_spawn has not been called; can't call await_only() here. Was IO attempted in an unexpected place? (Background on this error at: https://sqlalche.me/e/20/xd2s)
2025-12-26 09:53:06 - app - INFO - shutdown:22 - Shutting down Cosmetics Inventory API
2025-12-26 09:53:07 - app - INFO - startup:15 - Starting Cosmetics Inventory API
2025-12-26 09:53:07 - app - INFO - startup:18 - Database tables created/verified successfully
2025-12-26 09:53:18 - app - INFO - shutdown:22 - Shutting down Cosmetics Inventory API
2025-12-26 09:53:19 - app - INFO - startup:15 - Starting Cosmetics Inventory API
2025-12-26 09:53:19 - app - INFO - startup:18 - Database tables created/verified successfully
2025-12-26 09:53:20 - app - INFO - shutdown:22 - Shutting down Cosmetics Inventory API
2025-12-26 09:53:21 - app - INFO - startup:15 - Starting Cosmetics Inventory API
2025-12-26 09:53:21 - app - INFO - startup:18 - Database tables created/verified successfully
2025-12-26 09:53:21 - app.sample_data - INFO - populate_sample_data:31 - Starting sample data population...
2025-12-26 09:53:21 - app.sample_data - INFO - clear_database:22 - Clearing existing database data...
2025-12-26 09:53:22 - app.sample_data - INFO - clear_database:27 - Database cleared and recreated successfully
2025-12-26 09:53:22 - app.sample_data - INFO - populate_sample_data:39 - Creating sample categories...
2025-12-26 09:53:22 - app.dbAccess.category - DEBUG - create_category:24 - Creating category: Skincare
2025-12-26 09:53:22 - app.dbAccess.category - DEBUG - create_category:29 - Category created with ID: 1
2025-12-26 09:53:22 - app.sample_data - INFO - populate_sample_data:52 - Created category: Skincare
2025-12-26 09:53:22 - app.dbAccess.category - DEBUG - create_category:24 - Creating category: Makeup
2025-12-26 09:53:22 - app.dbAccess.category - DEBUG - create_category:29 - Category created with ID: 2
2025-12-26 09:53:22 - app.sample_data - INFO - populate_sample_data:52 - Created category: Makeup
2025-12-26 09:53:22 - app.dbAccess.category - DEBUG - create_category:24 - Creating category: Hair Care
2025-12-26 09:53:22 - app.dbAccess.category - DEBUG - create_category:29 - Category created with ID: 3
2025-12-26 09:53:22 - app.sample_data - INFO - populate_sample_data:52 - Created category: Hair Care
2025-12-26 09:53:22 - app.dbAccess.category - DEBUG - create_category:24 - Creating category: Fragrance
2025-12-26 09:53:22 - app.dbAccess.category - DEBUG - create_category:29 - Category created with ID: 4
2025-12-26 09:53:22 - app.sample_data - INFO - populate_sample_data:52 - Created category: Fragrance
2025-12-26 09:53:22 - app.dbAccess.category - DEBUG - create_category:24 - Creating category: Nail Care
2025-12-26 09:53:22 - app.dbAccess.category - DEBUG - create_category:29 - Category created with ID: 5
2025-12-26 09:53:22 - app.sample_data - INFO - populate_sample_data:52 - Created category: Nail Care
2025-12-26 09:53:22 - app.sample_data - INFO - populate_sample_data:55 - Creating sample suppliers...
2025-12-26 09:53:22 - app.dbAccess.supplier - DEBUG - create_supplier:27 - Creating supplier: BeautyCorp
2025-12-26 09:53:22 - app.dbAccess.supplier - DEBUG - create_supplier:32 - Supplier created with ID: 1
2025-12-26 09:53:22 - app.sample_data - INFO - populate_sample_data:68 - Created supplier: BeautyCorp
2025-12-26 09:53:22 - app.dbAccess.supplier - DEBUG - create_supplier:27 - Creating supplier: CosmeticPlus
2025-12-26 09:53:22 - app.dbAccess.supplier - DEBUG - create_supplier:32 - Supplier created with ID: 2
2025-12-26 09:53:22 - app.sample_data - INFO - populate_sample_data:68 - Created supplier: CosmeticPlus
2025-12-26 09:53:22 - app.dbAccess.supplier - DEBUG - create_supplier:27 - Creating supplier: LuxuryBrands
2025-12-26 09:53:22 - app.dbAccess.supplier - DEBUG - create_supplier:32 - Supplier created with ID: 3
2025-12-26 09:53:22 - app.sample_data - INFO - populate_sample_data:68 - Created supplier: LuxuryBrands
2025-12-26 09:53:22 - app.dbAccess.supplier - DEBUG - create_supplier:27 - Creating supplier: NaturalGlow
2025-12-26 09:53:22 - app.dbAccess.supplier - DEBUG - create_supplier:32 - Supplier created with ID: 4
2025-12-26 09:53:22 - app.sample_data - INFO - populate_sample_data:68 - Created supplier: NaturalGlow
2025-12-26 09:53:22 - app.dbAccess.supplier - DEBUG - create_supplier:27 - Creating supplier: TrendyCosmetics
2025-12-26 09:53:22 - app.dbAccess.supplier - DEBUG - create_supplier:32 - Supplier created with ID: 5
2025-12-26 09:53:22 - app.sample_data - INFO - populate_sample_data:68 - Created supplier: TrendyCosmetics
2025-12-26 09:53:22 - app.sample_data - INFO - populate_sample_data:71 - Creating sample products...
2025-12-26 09:53:22 - app.dbAccess.product - DEBUG - create_product:36 - Creating product: Hydrating Face Cream
2025-12-26 09:53:22 - app.dbAccess.product - DEBUG - create_product:41 - Product created with ID: 1
2025-12-26 09:53:22 - app.sample_data - INFO - populate_sample_data:101 - Created product: Hydrating Face Cream
2025-12-26 09:53:22 - app.dbAccess.product - DEBUG - create_product:36 - Creating product: Anti-Aging Serum
2025-12-26 09:53:22 - app.dbAccess.product - DEBUG - create_product:41 - Product created with ID: 2
2025-12-26 09:53:22 - app.sample_data - INFO - populate_sample_data:101 - Created product: Anti-Aging Serum
2025-12-26 09:53:22 - app.dbAccess.product - DEBUG - create_product:36 - Creating product: Gentle Cleanser
2025-12-26 09:53:22 - app.dbAccess.product - DEBUG - create_product:41 - Product created with ID: 3
2025-12-26 09:53:22 - app.sample_data - INFO - populate_sample_data:101 - Created product: Gentle Cleanser
2025-12-26 09:53:22 - app.dbAccess.product - DEBUG - create_product:36 - Creating product: Matte Lipstick
2025-12-26 09:53:22 - app.dbAccess.product - DEBUG - create_product:41 - Product created with ID: 4
2025-12-26 09:53:22 - app.sample_data - INFO - populate_sample_data:101 - Created product: Matte Lipstick
2025-12-26 09:53:22 - app.dbAccess.product - DEBUG - create_product:36 - Creating product: Eyeshadow Palette
2025-12-26 09:53:22 - app.dbAccess.product - DEBUG - create_product:41 - Product created with ID: 5
2025-12-26 09:53:22 - app.sample_data - INFO - populate_sample_data:101 - Created product: Eyeshadow Palette
2025-12-26 09:53:22 - app.dbAccess.product - DEBUG - create_product:36 - Creating product: Foundation
2025-12-26 09:53:22 - app.dbAccess.product - DEBUG - create_product:41 - Product created with ID: 6
2025-12-26 09:53:22 - app.sample_data - INFO - populate_sample_data:101 - Created product: Foundation
2025-12-26 09:53:22 - app.dbAccess.product - DEBUG - create_product:36 - Creating product: Volume Shampoo
2025-12-26 09:53:22 - app.dbAccess.product - DEBUG - create_product:41 - Product created with ID: 7
2025-12-26 09:53:22 - app.sample_data - INFO - populate_sample_data:101 - Created product: Volume Shampoo
2025-12-26 09:53:22 - app.dbAccess.product - DEBUG - create_product:36 - Creating product: Repair Conditioner
2025-12-26 09:53:22 - app.dbAccess.product - DEBUG - create_product:41 - Product created with ID: 8
2025-12-26 09:53:22 - app.sample_data - INFO - populate_sample_data:101 - Created product: Repair Conditioner
2025-12-26 09:53:22 - app.dbAccess.product - DEBUG - create_product:36 - Creating product: Hair Mask
2025-12-26 09:53:22 - app.dbAccess.product - DEBUG - create_product:41 - Product created with ID: 9
2025-12-26 09:53:22 - app.sample_data - INFO - populate_sample_data:101 - Created product: Hair Mask
2025-12-26 09:53:22 - app.dbAccess.product - DEBUG - create_product:36 - Creating product: Floral Perfume
2025-12-26 09:53:22 - app.dbAccess.product - DEBUG - create_product:41 - Product created with ID: 10
2025-12-26 09:53:22 - app.sample_data - INFO - populate_sample_data:101 - Created product: Floral Perfume
2025-12-26 09:53:22 - app.dbAccess.product - DEBUG - create_product:36 - Creating product: Woody Cologne
2025-12-26 09:53:22 - app.dbAccess.product - DEBUG - create_product:41 - Product created with ID: 11
2025-12-26 09:53:22 - app.sample_data - INFO - populate_sample_data:101 - Created product: Woody Cologne
2025-12-26 09:53:22 - app.dbAccess.product - DEBUG - create_product:36 - Creating product: Nail Polish Set
2025-12-26 09:53:22 - app.dbAccess.product - DEBUG - create_product:41 - Product created with ID: 12
2025-12-26 09:53:22 - app.sample_data - INFO - populate_sample_data:101 - Created product: Nail Polish Set
2025-12-26 09:53:22 - app.dbAccess.product - DEBUG - create_product:36 - Creating product: Nail Strengthener
2025-12-26 09:53:22 - app.dbAccess.product - DEBUG - create_product:41 - Product created with ID: 13
2025-12-26 09:53:22 - app.sample_data - INFO - populate_sample_data:101 - Created product: Nail Strengthener
2025-12-26 09:53:22 - app.sample_data - INFO - populate_sample_data:104 - Creating sample inventory...
2025-12-26 09:53:22 - app.dbAccess.inventory - DEBUG - create_inventory:36 - Creating inventory for product ID: 1
2025-12-26 09:53:22 - app.dbAccess.inventory - DEBUG - create_inventory:41 - Inventory created with ID: 1
2025-12-26 09:53:22 - app.sample_data - INFO - populate_sample_data:134 - Created inventory for product ID: 1
2025-12-26 09:53:22 - app.dbAccess.inventory - DEBUG - create_inventory:36 - Creating inventory for product ID: 2
2025-12-26 09:53:22 - app.dbAccess.inventory - DEBUG - create_inventory:41 - Inventory created with ID: 2
2025-12-26 09:53:22 - app.sample_data - INFO - populate_sample_data:134 - Created inventory for product ID: 2
2025-12-26 09:53:22 - app.dbAccess.inventory - DEBUG - create_inventory:36 - Creating inventory for product ID: 3
2025-12-26 09:53:22 - app.dbAccess.inventory - DEBUG - create_inventory:41 - Inventory created with ID: 3
2025-12-26 09:53:22 - app.sample_data - INFO - populate_sample_data:134 - Created inventory for product ID: 3
2025-12-26 09:53:22 - app.dbAccess.inventory - DEBUG - create_inventory:36 - Creating inventory for product ID: 4
2025-12-26 09:53:22 - app.dbAccess.inventory - DEBUG - create_inventory:41 - Inventory created with ID: 4
2025-12-26 09:53:22 - app.sample_data - INFO - populate_sample_data:134 - Created inventory for product ID: 4
2025-12-26 09:53:22 - app.dbAccess.inventory - DEBUG - create_inventory:36 - Creating inventory for product ID: 5
2025-12-26 09:53:22 - app.dbAccess.inventory - DEBUG - create_inventory:41 - Inventory created with ID: 5
2025-12-26 09:53:22 - app.sample_data - INFO - populate_sample_data:134 - Created inventory for product ID: 5
2025-12-26 09:53:22 - app.dbAccess.inventory - DEBUG - create_inventory:36 - Creating inventory for product ID: 6
2025-12-26 09:53:22 - app.dbAccess.inventory - DEBUG - create_inventory:41 - Inventory created with ID: 6
2025-12-26 09:53:22 - app.sample_data - INFO - populate_sample_data:134 - Created inventory for product ID: 6
2025-12-26 09:53:22 - app.dbAccess.inventory - DEBUG - create_inventory:36 - Creating inventory for product ID: 7
2025-12-26 09:53:22 - app.dbAccess.inventory - DEBUG - create_inventory:41 - Inventory created with ID: 7
2025-12-26 09:53:22 - app.sample_data - INFO - populate_sample_data:134 - Created inventory for product ID: 7
2025-12-26 09:53:22 - app.dbAccess.inventory - DEBUG - create_inventory:36 - Creating inventory for product ID: 8
2025-12-26 09:53:22 - app.dbAccess.inventory - DEBUG - create_inventory:41 - Inventory created with ID: 8
2025-12-26 09:53:22 - app.sample_data - INFO - populate_sample_data:134 - Created inventory for product ID: 8
2025-12-26 09:53:22 - app.dbAccess.inventory - DEBUG - create_inventory:36 - Creating inventory for product ID: 9
2025-12-26 09:53:22 - app.dbAccess.inventory - DEBUG - create_inventory:41 - Inventory created with ID: 9
2025-12-26 09:53:22 - app.sample_data - INFO - populate_sample_data:134 - Created inventory for product ID: 9
2025-12-26 09:53:22 - app.dbAccess.inventory - DEBUG - create_inventory:36 - Creating inventory for product ID: 10
2025-12-26 09:53:22 - app.dbAccess.inventory - DEBUG - create_inventory:41 - Inventory created with ID: 10
2025-12-26 09:53:22 - app.sample_data - INFO - populate_sample_data:134 - Created inventory for product ID: 10
2025-12-26 09:53:22 - app.dbAccess.inventory - DEBUG - create_inventory:36 - Creating inventory for product ID: 11
2025-12-26 09:53:22 - app.dbAccess.inventory - DEBUG - create_inventory:41 - Inventory created with ID: 11
2025-12-26 09:53:22 - app.sample_data - INFO - populate_sample_data:134 - Created inventory for product ID: 11
2025-12-26 09:53:22 - app.dbAccess.inventory - DEBUG - create_inventory:36 - Creating inventory for product ID: 12
2025-12-26 09:53:22 - app.dbAccess.inventory - DEBUG - create_inventory:41 - Inventory created with ID: 12
2025-12-26 09:53:22 - app.sample_data - INFO - populate_sample_data:134 - Created inventory for product ID: 12
2025-12-26 09:53:22 - app.dbAccess.inventory - DEBUG - create_inventory:36 - Creating inventory for product ID: 13
2025-12-26 09:53:22 - app.dbAccess.inventory - DEBUG - create_inventory:41 - Inventory created with ID: 13
2025-12-26 09:53:22 - app.sample_data - INFO - populate_sample_data:134 - Created inventory for product ID: 13
2025-12-26 09:53:22 - app.sample_data - INFO - populate_sample_data:136 - Sample data population completed successfully!
2025-12-26 09:53:22 - app.sample_data - INFO - populate_sample_data:137 - Created 5 categories, 5 suppliers, 13 products, and 13 inventory records
2025-12-26 09:53:32 - app - INFO - startup:15 - Starting Cosmetics Inventory API
2025-12-26 09:53:32 - app - INFO - startup:18 - Database tables created/verified successfully
2025-12-26 09:53:32 - app - INFO - shutdown:22 - Shutting down Cosmetics Inventory API
2025-12-26 09:53:48 - app - INFO - startup:15 - Starting Cosmetics Inventory API
2025-12-26 09:53:48 - app - INFO - startup:18 - Database tables created/verified successfully
2025-12-26 09:54:03 - app - INFO - shutdown:22 - Shutting down Cosmetics Inventory API
2025-12-26 09:54:56 - app - INFO - shutdown:22 - Shutting down Cosmetics Inventory API
2025-12-26 09:54:57 - app - INFO - startup:15 - Starting Cosmetics Inventory API
2025-12-26 09:54:57 - app - INFO - startup:18 - Database tables created/verified successfully
2025-12-26 09:54:57 - app - INFO - shutdown:22 - Shutting down Cosmetics Inventory API
2025-12-26 09:54:58 - app - INFO - startup:15 - Starting Cosmetics Inventory API
2025-12-26 09:54:59 - app - INFO - startup:18 - Database tables created/verified successfully
2025-12-26 09:55:08 - app - INFO - shutdown:22 - Shutting down Cosmetics Inventory API
2025-12-26 09:55:09 - app - INFO - startup:15 - Starting Cosmetics Inventory API
2025-12-26 09:55:09 - app - INFO - startup:18 - Database tables created/verified successfully
2025-12-26 09:55:18 - app - INFO - startup:15 - Starting Cosmetics Inventory API
2025-12-26 09:55:18 - app - INFO - startup:18 - Database tables created/verified successfully
2025-12-26 09:55:21 - app - INFO - shutdown:22 - Shutting down Cosmetics Inventory API
2025-12-26 09:55:22 - app - INFO - startup:15 - Starting Cosmetics Inventory API
2025-12-26 09:55:22 - app - INFO - startup:18 - Database tables created/verified successfully
2025-12-26 09:55:31 - app - INFO - shutdown:22 - Shutting down Cosmetics Inventory API
2025-12-26 09:55:35 - app - INFO - shutdown:22 - Shutting down Cosmetics Inventory API
2025-12-26 09:55:37 - app - INFO - startup:15 - Starting Cosmetics Inventory API
2025-12-26 09:55:37 - app - INFO - startup:18 - Database tables created/verified successfully
2025-12-26 09:55:37 - app - INFO - shutdown:22 - Shutting down Cosmetics Inventory API
2025-12-26 09:55:38 - app - INFO - startup:15 - Starting Cosmetics Inventory API
2025-12-26 09:55:38 - app - INFO - startup:18 - Database tables created/verified successfully
2025-12-26 09:55:38 - app - INFO - shutdown:22 - Shutting down Cosmetics Inventory API
2025-12-26 09:55:39 - app - INFO - startup:15 - Starting Cosmetics Inventory API
2025-12-26 09:55:39 - app - INFO - startup:18 - Database tables created/verified successfully
2025-12-26 09:55:39 - app - INFO - shutdown:22 - Shutting down Cosmetics Inventory API
2025-12-26 09:55:41 - app - INFO - startup:15 - Starting Cosmetics Inventory API
2025-12-26 09:55:41 - app - INFO - startup:18 - Database tables created/verified successfully
2025-12-26 09:55:41 - app - INFO - shutdown:22 - Shutting down Cosmetics Inventory API
2025-12-26 09:55:42 - app - INFO - startup:15 - Starting Cosmetics Inventory API
2025-12-26 09:55:42 - app - INFO - startup:18 - Database tables created/verified successfully
2025-12-26 09:55:49 - app - INFO - startup:15 - Starting Cosmetics Inventory API
2025-12-26 09:55:49 - app - INFO - startup:18 - Database tables created/verified successfully
2025-12-26 09:56:02 - app - INFO - shutdown:22 - Shutting down Cosmetics Inventory API
2025-12-26 09:56:13 - app - INFO - startup:15 - Starting Cosmetics Inventory API
2025-12-26 09:56:13 - app - INFO - startup:18 - Database tables created/verified successfully
2025-12-26 09:56:21 - app - INFO - shutdown:22 - Shutting down Cosmetics Inventory API
2025-12-26 09:56:46 - app - INFO - startup:15 - Starting Cosmetics Inventory API
2025-12-26 09:56:46 - app - INFO - startup:18 - Database tables created/verified successfully
2025-12-26 09:56:57 - app - INFO - shutdown:22 - Shutting down Cosmetics Inventory API
2025-12-26 09:57:03 - app - INFO - startup:17 - Starting Cosmetics Inventory API
2025-12-26 09:57:03 - app - INFO - startup:21 - Database tables created/verified successfully
2025-12-26 09:57:03 - app - INFO - shutdown:28 - Shutting down Cosmetics Inventory API
2025-12-26 09:57:37 - app - INFO - startup:15 - Starting Cosmetics Inventory API
2025-12-26 09:57:37 - app - INFO - startup:18 - Database tables created/verified successfully
2025-12-26 09:57:51 - app - INFO - shutdown:22 - Shutting down Cosmetics Inventory API
2025-12-26 09:58:32 - app - INFO - startup:15 - Starting Cosmetics Inventory API
2025-12-26 09:58:32 - app - INFO - startup:18 - Database tables created/verified successfully
2025-12-26 09:58:46 - app - INFO - shutdown:22 - Shutting down Cosmetics Inventory API
2025-12-26 09:58:55 - app - INFO - startup:16 - Starting Cosmetics Inventory API
2025-12-26 09:58:55 - app - INFO - startup:19 - Database tables created/verified successfully
2025-12-26 09:59:26 - app - INFO - lifespan:15 - Starting Cosmetics Inventory API
2025-12-26 09:59:26 - app - INFO - lifespan:18 - Database tables created/verified successfully
2025-12-26 09:59:26 - app - INFO - lifespan:21 - Shutting down Cosmetics Inventory API
2025-12-26 09:59:59 - app - INFO - lifespan:15 - Starting Cosmetics Inventory API
2025-12-26 09:59:59 - app - INFO - lifespan:18 - Database tables created/verified successfully
2025-12-26 10:00:13 - app - INFO - lifespan:21 - Shutting down Cosmetics Inventory API
2025-12-26 10:00:20 - app - INFO - lifespan:16 - Starting Cosmetics Inventory API
2025-12-26 10:00:20 - app - INFO - lifespan:19 - Database tables created/verified successfully
2025-12-26 10:00:29 - app - INFO - lifespan:22 - Shutting down Cosmetics Inventory API
2025-12-26 10:01:01 - app - INFO - read_root:26 - Root endpoint accessed
2025-12-26 10:01:05 - app - INFO - lifespan:15 - Starting Cosmetics Inventory API
2025-12-26 10:01:05 - app - INFO - lifespan:18 - Database tables created/verified successfully
2025-12-26 10:01:34 - app.routers.categories - INFO - read_categories:34 - Fetching categories with skip=0, limit=100
2025-12-26 10:01:34 - app.dbAccess.category - DEBUG - get_categories:17 - Querying categories with skip=0, limit=100
2025-12-26 10:01:34 - app.dbAccess.category - DEBUG - get_categories:20 - Categories query returned 5 results
2025-12-26 10:01:34 - app.mappers.category - DEBUG - map_category_to_viewmodel:35 - Mapping Category DTO to ViewModel: Skincare
2025-12-26 10:01:34 - app.mappers.category - DEBUG - map_category_to_viewmodel:42 - Mapping result: category_name=Skincare
2025-12-26 10:01:34 - app.mappers.category - DEBUG - map_category_to_viewmodel:35 - Mapping Category DTO to ViewModel: Makeup
2025-12-26 10:01:34 - app.mappers.category - DEBUG - map_category_to_viewmodel:42 - Mapping result: category_name=Makeup
2025-12-26 10:01:34 - app.mappers.category - DEBUG - map_category_to_viewmodel:35 - Mapping Category DTO to ViewModel: Hair Care
2025-12-26 10:01:34 - app.mappers.category - DEBUG - map_category_to_viewmodel:42 - Mapping result: category_name=Hair Care
2025-12-26 10:01:34 - app.mappers.category - DEBUG - map_category_to_viewmodel:35 - Mapping Category DTO to ViewModel: Fragrance
2025-12-26 10:01:34 - app.mappers.category - DEBUG - map_category_to_viewmodel:42 - Mapping result: category_name=Fragrance
2025-12-26 10:01:34 - app.mappers.category - DEBUG - map_category_to_viewmodel:35 - Mapping Category DTO to ViewModel: Nail Care
2025-12-26 10:01:34 - app.mappers.category - DEBUG - map_category_to_viewmodel:42 - Mapping result: category_name=Nail Care
2025-12-26 10:01:34 - app.routers.categories - INFO - read_categories:36 - Retrieved 5 categories
2025-12-26 10:01:44 - app - INFO - lifespan:21 - Shutting down Cosmetics Inventory API
2025-12-26 10:02:53 - app.routers.categories - INFO - read_categories:34 - Fetching categories with skip=0, limit=100
2025-12-26 10:02:53 - app.dbAccess.category - DEBUG - get_categories:17 - Querying categories with skip=0, limit=100
2025-12-26 10:02:53 - app.dbAccess.category - DEBUG - get_categories:20 - Categories query returned 5 results
2025-12-26 10:02:53 - app.mappers.category - DEBUG - map_category_to_viewmodel:35 - Mapping Category DTO to ViewModel: Skincare
2025-12-26 10:02:53 - app.mappers.category - DEBUG - map_category_to_viewmodel:42 - Mapping result: category_name=Skincare
2025-12-26 10:02:53 - app.mappers.category - DEBUG - map_category_to_viewmodel:35 - Mapping Category DTO to ViewModel: Makeup
2025-12-26 10:02:53 - app.mappers.category - DEBUG - map_category_to_viewmodel:42 - Mapping result: category_name=Makeup
2025-12-26 10:02:53 - app.mappers.category - DEBUG - map_category_to_viewmodel:35 - Mapping Category DTO to ViewModel: Hair Care
2025-12-26 10:02:53 - app.mappers.category - DEBUG - map_category_to_viewmodel:42 - Mapping result: category_name=Hair Care
2025-12-26 10:02:53 - app.mappers.category - DEBUG - map_category_to_viewmodel:35 - Mapping Category DTO to ViewModel: Fragrance
2025-12-26 10:02:53 - app.mappers.category - DEBUG - map_category_to_viewmodel:42 - Mapping result: category_name=Fragrance
2025-12-26 10:02:53 - app.mappers.category - DEBUG - map_category_to_viewmodel:35 - Mapping Category DTO to ViewModel: Nail Care
2025-12-26 10:02:53 - app.mappers.category - DEBUG - map_category_to_viewmodel:42 - Mapping result: category_name=Nail Care
2025-12-26 10:02:53 - app.routers.categories - INFO - read_categories:36 - Retrieved 5 categories
2025-12-26 10:02:53 - app.routers.products - INFO - read_products:34 - Fetching products with skip=0, limit=100
2025-12-26 10:02:53 - app.services.product_service - INFO - get_products:55 - Retrieving products with skip=0, limit=100
2025-12-26 10:02:53 - app.dbAccess.product - DEBUG - get_products:25 - Querying products with skip=0, limit=100
2025-12-26 10:02:53 - app.dbAccess.product - DEBUG - get_products:32 - Retrieved 13 products
2025-12-26 10:02:53 - app.mappers.product_mapper - DEBUG - map_product_to_viewmodel:79 - Mapping product to viewmodel: Hydrating Face Cream
2025-12-26 10:02:53 - app.mappers.category - DEBUG - map_category_to_viewmodel:35 - Mapping Category DTO to ViewModel: Skincare
2025-12-26 10:02:53 - app.mappers.category - DEBUG - map_category_to_viewmodel:42 - Mapping result: category_name=Skincare
2025-12-26 10:02:53 - app.mappers.supplier_mapper - DEBUG - map_supplier_to_viewmodel:56 - Mapping supplier to viewmodel: BeautyCorp
2025-12-26 10:02:53 - app.mappers.supplier_mapper - DEBUG - map_supplier_to_viewmodel:78 - Supplier mapped to viewmodel: BeautyCorp
2025-12-26 10:02:53 - app.mappers.product_mapper - DEBUG - map_product_to_viewmodel:89 - Product mapped to viewmodel: Hydrating Face Cream
2025-12-26 10:02:53 - app.mappers.product_mapper - DEBUG - map_product_to_viewmodel:79 - Mapping product to viewmodel: Anti-Aging Serum
2025-12-26 10:02:53 - app.mappers.category - DEBUG - map_category_to_viewmodel:35 - Mapping Category DTO to ViewModel: Skincare
2025-12-26 10:02:53 - app.mappers.category - DEBUG - map_category_to_viewmodel:42 - Mapping result: category_name=Skincare
2025-12-26 10:02:53 - app.mappers.supplier_mapper - DEBUG - map_supplier_to_viewmodel:56 - Mapping supplier to viewmodel: CosmeticPlus
2025-12-26 10:02:53 - app.mappers.supplier_mapper - DEBUG - map_supplier_to_viewmodel:78 - Supplier mapped to viewmodel: CosmeticPlus
2025-12-26 10:02:53 - app.mappers.product_mapper - DEBUG - map_product_to_viewmodel:89 - Product mapped to viewmodel: Anti-Aging Serum
2025-12-26 10:02:53 - app.mappers.product_mapper - DEBUG - map_product_to_viewmodel:79 - Mapping product to viewmodel: Gentle Cleanser
2025-12-26 10:02:53 - app.mappers.category - DEBUG - map_category_to_viewmodel:35 - Mapping Category DTO to ViewModel: Skincare
2025-12-26 10:02:53 - app.mappers.category - DEBUG - map_category_to_viewmodel:42 - Mapping result: category_name=Skincare
2025-12-26 10:02:53 - app.mappers.supplier_mapper - DEBUG - map_supplier_to_viewmodel:56 - Mapping supplier to viewmodel: NaturalGlow
2025-12-26 10:02:53 - app.mappers.supplier_mapper - DEBUG - map_supplier_to_viewmodel:78 - Supplier mapped to viewmodel: NaturalGlow
2025-12-26 10:02:53 - app.mappers.product_mapper - DEBUG - map_product_to_viewmodel:89 - Product mapped to viewmodel: Gentle Cleanser
2025-12-26 10:02:53 - app.mappers.product_mapper - DEBUG - map_product_to_viewmodel:79 - Mapping product to viewmodel: Matte Lipstick
2025-12-26 10:02:53 - app.mappers.category - DEBUG - map_category_to_viewmodel:35 - Mapping Category DTO to ViewModel: Makeup
2025-12-26 10:02:53 - app.mappers.category - DEBUG - map_category_to_viewmodel:42 - Mapping result: category_name=Makeup
2025-12-26 10:02:53 - app.mappers.supplier_mapper - DEBUG - map_supplier_to_viewmodel:56 - Mapping supplier to viewmodel: CosmeticPlus
2025-12-26 10:02:53 - app.mappers.supplier_mapper - DEBUG - map_supplier_to_viewmodel:78 - Supplier mapped to viewmodel: CosmeticPlus
2025-12-26 10:02:53 - app.mappers.product_mapper - DEBUG - map_product_to_viewmodel:89 - Product mapped to viewmodel: Matte Lipstick
2025-12-26 10:02:53 - app.mappers.product_mapper - DEBUG - map_product_to_viewmodel:79 - Mapping product to viewmodel: Eyeshadow Palette
2025-12-26 10:02:53 - app.mappers.category - DEBUG - map_category_to_viewmodel:35 - Mapping Category DTO to ViewModel: Makeup
2025-12-26 10:02:53 - app.mappers.category - DEBUG - map_category_to_viewmodel:42 - Mapping result: category_name=Makeup
2025-12-26 10:02:53 - app.mappers.supplier_mapper - DEBUG - map_supplier_to_viewmodel:56 - Mapping supplier to viewmodel: LuxuryBrands
2025-12-26 10:02:53 - app.mappers.supplier_mapper - DEBUG - map_supplier_to_viewmodel:78 - Supplier mapped to viewmodel: LuxuryBrands
2025-12-26 10:02:53 - app.mappers.product_mapper - DEBUG - map_product_to_viewmodel:89 - Product mapped to viewmodel: Eyeshadow Palette
2025-12-26 10:02:53 - app.mappers.product_mapper - DEBUG - map_product_to_viewmodel:79 - Mapping product to viewmodel: Foundation
2025-12-26 10:02:53 - app.mappers.category - DEBUG - map_category_to_viewmodel:35 - Mapping Category DTO to ViewModel: Makeup
2025-12-26 10:02:53 - app.mappers.category - DEBUG - map_category_to_viewmodel:42 - Mapping result: category_name=Makeup
2025-12-26 10:02:53 - app.mappers.supplier_mapper - DEBUG - map_supplier_to_viewmodel:56 - Mapping supplier to viewmodel: BeautyCorp
2025-12-26 10:02:53 - app.mappers.supplier_mapper - DEBUG - map_supplier_to_viewmodel:78 - Supplier mapped to viewmodel: BeautyCorp
2025-12-26 10:02:53 - app.mappers.product_mapper - DEBUG - map_product_to_viewmodel:89 - Product mapped to viewmodel: Foundation
2025-12-26 10:02:53 - app.mappers.product_mapper - DEBUG - map_product_to_viewmodel:79 - Mapping product to viewmodel: Volume Shampoo
2025-12-26 10:02:53 - app.mappers.category - DEBUG - map_category_to_viewmodel:35 - Mapping Category DTO to ViewModel: Hair Care
2025-12-26 10:02:53 - app.mappers.category - DEBUG - map_category_to_viewmodel:42 - Mapping result: category_name=Hair Care
2025-12-26 10:02:53 - app.mappers.supplier_mapper - DEBUG - map_supplier_to_viewmodel:56 - Mapping supplier to viewmodel: NaturalGlow
2025-12-26 10:02:53 - app.mappers.supplier_mapper - DEBUG - map_supplier_to_viewmodel:78 - Supplier mapped to viewmodel: NaturalGlow
2025-12-26 10:02:53 - app.mappers.product_mapper - DEBUG - map_product_to_viewmodel:89 - Product mapped to viewmodel: Volume Shampoo
2025-12-26 10:02:53 - app.mappers.product_mapper - DEBUG - map_product_to_viewmodel:79 - Mapping product to viewmodel: Repair Conditioner
2025-12-26 10:02:53 - app.mappers.category - DEBUG - map_category_to_viewmodel:35 - Mapping Category DTO to ViewModel: Hair Care
2025-12-26 10:02:53 - app.mappers.category - DEBUG - map_category_to_viewmodel:42 - Mapping result: category_name=Hair Care
2025-12-26 10:02:53 - app.mappers.supplier_mapper - DEBUG - map_supplier_to_viewmodel:56 - Mapping supplier to viewmodel: TrendyCosmetics
2025-12-26 10:02:53 - app.mappers.supplier_mapper - DEBUG - map_supplier_to_viewmodel:78 - Supplier mapped to viewmodel: TrendyCosmetics
2025-12-26 10:02:53 - app.mappers.product_mapper - DEBUG - map_product_to_viewmodel:89 - Product mapped to viewmodel: Repair Conditioner
2025-12-26 10:02:53 - app.mappers.product_mapper - DEBUG - map_product_to_viewmodel:79 - Mapping product to viewmodel: Hair Mask
2025-12-26 10:02:53 - app.mappers.category - DEBUG - map_category_to_viewmodel:35 - Mapping Category DTO to ViewModel: Hair Care
2025-12-26 10:02:53 - app.mappers.category - DEBUG - map_category_to_viewmodel:42 - Mapping result: category_name=Hair Care
2025-12-26 10:02:53 - app.mappers.supplier_mapper - DEBUG - map_supplier_to_viewmodel:56 - Mapping supplier to viewmodel: CosmeticPlus
2025-12-26 10:02:53 - app.mappers.supplier_mapper - DEBUG - map_supplier_to_viewmodel:78 - Supplier mapped to viewmodel: CosmeticPlus
2025-12-26 10:02:53 - app.mappers.product_mapper - DEBUG - map_product_to_viewmodel:89 - Product mapped to viewmodel: Hair Mask
2025-12-26 10:02:53 - app.mappers.product_mapper - DEBUG - map_product_to_viewmodel:79 - Mapping product to viewmodel: Floral Perfume
2025-12-26 10:02:53 - app.mappers.category - DEBUG - map_category_to_viewmodel:35 - Mapping Category DTO to ViewModel: Fragrance
2025-12-26 10:02:53 - app.mappers.category - DEBUG - map_category_to_viewmodel:42 - Mapping result: category_name=Fragrance
2025-12-26 10:02:53 - app.mappers.supplier_mapper - DEBUG - map_supplier_to_viewmodel:56 - Mapping supplier to viewmodel: LuxuryBrands
2025-12-26 10:02:53 - app.mappers.supplier_mapper - DEBUG - map_supplier_to_viewmodel:78 - Supplier mapped to viewmodel: LuxuryBrands
2025-12-26 10:02:53 - app.mappers.product_mapper - DEBUG - map_product_to_viewmodel:89 - Product mapped to viewmodel: Floral Perfume
2025-12-26 10:02:53 - app.mappers.product_mapper - DEBUG - map_product_to_viewmodel:79 - Mapping product to viewmodel: Woody Cologne
2025-12-26 10:02:53 - app.mappers.category - DEBUG - map_category_to_viewmodel:35 - Mapping Category DTO to ViewModel: Fragrance
2025-12-26 10:02:53 - app.mappers.category - DEBUG - map_category_to_viewmodel:42 - Mapping result: category_name=Fragrance
2025-12-26 10:02:53 - app.mappers.supplier_mapper - DEBUG - map_supplier_to_viewmodel:56 - Mapping supplier to viewmodel: BeautyCorp
2025-12-26 10:02:53 - app.mappers.supplier_mapper - DEBUG - map_supplier_to_viewmodel:78 - Supplier mapped to viewmodel: BeautyCorp
2025-12-26 10:02:53 - app.mappers.product_mapper - DEBUG - map_product_to_viewmodel:89 - Product mapped to viewmodel: Woody Cologne
2025-12-26 10:02:53 - app.mappers.product_mapper - DEBUG - map_product_to_viewmodel:79 - Mapping product to viewmodel: Nail Polish Set
2025-12-26 10:02:53 - app.mappers.category - DEBUG - map_category_to_viewmodel:35 - Mapping Category DTO to ViewModel: Nail Care
2025-12-26 10:02:53 - app.mappers.category - DEBUG - map_category_to_viewmodel:42 - Mapping result: category_name=Nail Care
2025-12-26 10:02:53 - app.mappers.supplier_mapper - DEBUG - map_supplier_to_viewmodel:56 - Mapping supplier to viewmodel: TrendyCosmetics
2025-12-26 10:02:53 - app.mappers.supplier_mapper - DEBUG - map_supplier_to_viewmodel:78 - Supplier mapped to viewmodel: TrendyCosmetics
2025-12-26 10:02:53 - app.mappers.product_mapper - DEBUG - map_product_to_viewmodel:89 - Product mapped to viewmodel: Nail Polish Set
2025-12-26 10:02:53 - app.mappers.product_mapper - DEBUG - map_product_to_viewmodel:79 - Mapping product to viewmodel: Nail Strengthener
2025-12-26 10:02:53 - app.mappers.category - DEBUG - map_category_to_viewmodel:35 - Mapping Category DTO to ViewModel: Nail Care
2025-12-26 10:02:53 - app.mappers.category - DEBUG - map_category_to_viewmodel:42 - Mapping result: category_name=Nail Care
2025-12-26 10:02:53 - app.mappers.supplier_mapper - DEBUG - map_supplier_to_viewmodel:56 - Mapping supplier to viewmodel: NaturalGlow
2025-12-26 10:02:53 - app.mappers.supplier_mapper - DEBUG - map_supplier_to_viewmodel:78 - Supplier mapped to viewmodel: NaturalGlow
2025-12-26 10:02:53 - app.mappers.product_mapper - DEBUG - map_product_to_viewmodel:89 - Product mapped to viewmodel: Nail Strengthener
2025-12-26 10:02:53 - app.services.product_service - INFO - get_products:58 - Retrieved 13 products
2025-12-26 10:02:53 - app.routers.products - INFO - read_products:36 - Retrieved 13 products
2025-12-26 10:02:53 - app.routers.suppliers - INFO - read_suppliers:34 - Fetching suppliers with skip=0, limit=100
2025-12-26 10:02:53 - app.services.supplier_service - INFO - get_suppliers:53 - Retrieving suppliers with skip=0, limit=100
2025-12-26 10:02:53 - app.dbAccess.supplier - DEBUG - get_suppliers:20 - Querying suppliers with skip=0, limit=100
2025-12-26 10:02:53 - app.dbAccess.supplier - DEBUG - get_suppliers:23 - Retrieved 5 suppliers
2025-12-26 10:02:53 - app.mappers.supplier_mapper - DEBUG - map_supplier_to_viewmodel:56 - Mapping supplier to viewmodel: BeautyCorp
2025-12-26 10:02:53 - app.mappers.supplier_mapper - DEBUG - map_supplier_to_viewmodel:78 - Supplier mapped to viewmodel: BeautyCorp
2025-12-26 10:02:53 - app.mappers.supplier_mapper - DEBUG - map_supplier_to_viewmodel:56 - Mapping supplier to viewmodel: CosmeticPlus
2025-12-26 10:02:53 - app.mappers.supplier_mapper - DEBUG - map_supplier_to_viewmodel:78 - Supplier mapped to viewmodel: CosmeticPlus
2025-12-26 10:02:53 - app.mappers.supplier_mapper - DEBUG - map_supplier_to_viewmodel:56 - Mapping supplier to viewmodel: LuxuryBrands
2025-12-26 10:02:53 - app.mappers.supplier_mapper - DEBUG - map_supplier_to_viewmodel:78 - Supplier mapped to viewmodel: LuxuryBrands
2025-12-26 10:02:53 - app.mappers.supplier_mapper - DEBUG - map_supplier_to_viewmodel:56 - Mapping supplier to viewmodel: NaturalGlow
2025-12-26 10:02:53 - app.mappers.supplier_mapper - DEBUG - map_supplier_to_viewmodel:78 - Supplier mapped to viewmodel: NaturalGlow
2025-12-26 10:02:53 - app.mappers.supplier_mapper - DEBUG - map_supplier_to_viewmodel:56 - Mapping supplier to viewmodel: TrendyCosmetics
2025-12-26 10:02:53 - app.mappers.supplier_mapper - DEBUG - map_supplier_to_viewmodel:78 - Supplier mapped to viewmodel: TrendyCosmetics
2025-12-26 10:02:53 - app.services.supplier_service - INFO - get_suppliers:56 - Retrieved 5 suppliers
2025-12-26 10:02:53 - app.routers.suppliers - INFO - read_suppliers:36 - Retrieved 5 suppliers
2025-12-26 10:02:53 - app.routers.inventory - INFO - read_inventories:34 - Fetching inventories with skip=0, limit=100
2025-12-26 10:02:53 - app.services.inventory_service - INFO - get_inventories:52 - Retrieving inventories with skip=0, limit=100
2025-12-26 10:02:53 - app.dbAccess.inventory - DEBUG - get_inventories:25 - Querying inventories with skip=0, limit=100
2025-12-26 10:02:53 - app.dbAccess.inventory - DEBUG - get_inventories:32 - Retrieved 13 inventories
2025-12-26 10:02:53 - app.mappers.inventory_mapper - DEBUG - map_inventory_to_viewmodel:51 - Mapping inventory to viewmodel: 1
2025-12-26 10:02:53 - app.mappers.product_mapper - DEBUG - map_product_to_viewmodel:79 - Mapping product to viewmodel: Hydrating Face Cream
2025-12-26 10:03:15 - app.routers.inventory - INFO - read_inventories:34 - Fetching inventories with skip=0, limit=100
2025-12-26 10:03:15 - app.services.inventory_service - INFO - get_inventories:52 - Retrieving inventories with skip=0, limit=100
2025-12-26 10:03:15 - app.dbAccess.inventory - DEBUG - get_inventories:25 - Querying inventories with skip=0, limit=100
2025-12-26 10:03:15 - app.dbAccess.inventory - DEBUG - get_inventories:32 - Retrieved 13 inventories
2025-12-26 10:03:15 - app.mappers.inventory_mapper - DEBUG - map_inventory_to_viewmodel:51 - Mapping inventory to viewmodel: 1
2025-12-26 10:03:15 - app.mappers.product_mapper - DEBUG - map_product_to_viewmodel:79 - Mapping product to viewmodel: Hydrating Face Cream
2025-12-26 10:03:46 - app.routers.categories - INFO - read_categories:34 - Fetching categories with skip=0, limit=100
2025-12-26 10:03:46 - app.dbAccess.category - DEBUG - get_categories:17 - Querying categories with skip=0, limit=100
2025-12-26 10:03:46 - app.dbAccess.category - DEBUG - get_categories:20 - Categories query returned 5 results
2025-12-26 10:03:46 - app.mappers.category - DEBUG - map_category_to_viewmodel:35 - Mapping Category DTO to ViewModel: Skincare
2025-12-26 10:03:46 - app.mappers.category - DEBUG - map_category_to_viewmodel:42 - Mapping result: category_name=Skincare
2025-12-26 10:03:46 - app.mappers.category - DEBUG - map_category_to_viewmodel:35 - Mapping Category DTO to ViewModel: Makeup
2025-12-26 10:03:46 - app.mappers.category - DEBUG - map_category_to_viewmodel:42 - Mapping result: category_name=Makeup
2025-12-26 10:03:46 - app.mappers.category - DEBUG - map_category_to_viewmodel:35 - Mapping Category DTO to ViewModel: Hair Care
2025-12-26 10:03:46 - app.mappers.category - DEBUG - map_category_to_viewmodel:42 - Mapping result: category_name=Hair Care
2025-12-26 10:03:46 - app.mappers.category - DEBUG - map_category_to_viewmodel:35 - Mapping Category DTO to ViewModel: Fragrance
2025-12-26 10:03:46 - app.mappers.category - DEBUG - map_category_to_viewmodel:42 - Mapping result: category_name=Fragrance
2025-12-26 10:03:46 - app.mappers.category - DEBUG - map_category_to_viewmodel:35 - Mapping Category DTO to ViewModel: Nail Care
2025-12-26 10:03:46 - app.mappers.category - DEBUG - map_category_to_viewmodel:42 - Mapping result: category_name=Nail Care
2025-12-26 10:03:46 - app.routers.categories - INFO - read_categories:36 - Retrieved 5 categories
2025-12-26 10:03:46 - app.routers.products - INFO - read_products:34 - Fetching products with skip=0, limit=100
2025-12-26 10:03:46 - app.services.product_service - INFO - get_products:55 - Retrieving products with skip=0, limit=100
2025-12-26 10:03:46 - app.dbAccess.product - DEBUG - get_products:25 - Querying products with skip=0, limit=100
2025-12-26 10:03:46 - app.dbAccess.product - DEBUG - get_products:32 - Retrieved 13 products
2025-12-26 10:03:46 - app.mappers.product_mapper - DEBUG - map_product_to_viewmodel:79 - Mapping product to viewmodel: Hydrating Face Cream
2025-12-26 10:03:46 - app.mappers.category - DEBUG - map_category_to_viewmodel:35 - Mapping Category DTO to ViewModel: Skincare
2025-12-26 10:03:46 - app.mappers.category - DEBUG - map_category_to_viewmodel:42 - Mapping result: category_name=Skincare
2025-12-26 10:03:46 - app.mappers.supplier_mapper - DEBUG - map_supplier_to_viewmodel:56 - Mapping supplier to viewmodel: BeautyCorp
2025-12-26 10:03:46 - app.mappers.supplier_mapper - DEBUG - map_supplier_to_viewmodel:78 - Supplier mapped to viewmodel: BeautyCorp
2025-12-26 10:03:46 - app.mappers.product_mapper - DEBUG - map_product_to_viewmodel:89 - Product mapped to viewmodel: Hydrating Face Cream
2025-12-26 10:03:46 - app.mappers.product_mapper - DEBUG - map_product_to_viewmodel:79 - Mapping product to viewmodel: Anti-Aging Serum
2025-12-26 10:03:46 - app.mappers.category - DEBUG - map_category_to_viewmodel:35 - Mapping Category DTO to ViewModel: Skincare
2025-12-26 10:03:46 - app.mappers.category - DEBUG - map_category_to_viewmodel:42 - Mapping result: category_name=Skincare
2025-12-26 10:03:46 - app.mappers.supplier_mapper - DEBUG - map_supplier_to_viewmodel:56 - Mapping supplier to viewmodel: CosmeticPlus
2025-12-26 10:03:46 - app.mappers.supplier_mapper - DEBUG - map_supplier_to_viewmodel:78 - Supplier mapped to viewmodel: CosmeticPlus
2025-12-26 10:03:46 - app.mappers.product_mapper - DEBUG - map_product_to_viewmodel:89 - Product mapped to viewmodel: Anti-Aging Serum
2025-12-26 10:03:46 - app.mappers.product_mapper - DEBUG - map_product_to_viewmodel:79 - Mapping product to viewmodel: Gentle Cleanser
2025-12-26 10:03:46 - app.mappers.category - DEBUG - map_category_to_viewmodel:35 - Mapping Category DTO to ViewModel: Skincare
2025-12-26 10:03:46 - app.mappers.category - DEBUG - map_category_to_viewmodel:42 - Mapping result: category_name=Skincare
2025-12-26 10:03:46 - app.mappers.supplier_mapper - DEBUG - map_supplier_to_viewmodel:56 - Mapping supplier to viewmodel: NaturalGlow
2025-12-26 10:03:46 - app.mappers.supplier_mapper - DEBUG - map_supplier_to_viewmodel:78 - Supplier mapped to viewmodel: NaturalGlow
2025-12-26 10:03:46 - app.mappers.product_mapper - DEBUG - map_product_to_viewmodel:89 - Product mapped to viewmodel: Gentle Cleanser
2025-12-26 10:03:46 - app.mappers.product_mapper - DEBUG - map_product_to_viewmodel:79 - Mapping product to viewmodel: Matte Lipstick
2025-12-26 10:03:46 - app.mappers.category - DEBUG - map_category_to_viewmodel:35 - Mapping Category DTO to ViewModel: Makeup
2025-12-26 10:03:46 - app.mappers.category - DEBUG - map_category_to_viewmodel:42 - Mapping result: category_name=Makeup
2025-12-26 10:03:46 - app.mappers.supplier_mapper - DEBUG - map_supplier_to_viewmodel:56 - Mapping supplier to viewmodel: CosmeticPlus
2025-12-26 10:03:46 - app.mappers.supplier_mapper - DEBUG - map_supplier_to_viewmodel:78 - Supplier mapped to viewmodel: CosmeticPlus
2025-12-26 10:03:46 - app.mappers.product_mapper - DEBUG - map_product_to_viewmodel:89 - Product mapped to viewmodel: Matte Lipstick
2025-12-26 10:03:46 - app.mappers.product_mapper - DEBUG - map_product_to_viewmodel:79 - Mapping product to viewmodel: Eyeshadow Palette
2025-12-26 10:03:46 - app.mappers.category - DEBUG - map_category_to_viewmodel:35 - Mapping Category DTO to ViewModel: Makeup
2025-12-26 10:03:46 - app.mappers.category - DEBUG - map_category_to_viewmodel:42 - Mapping result: category_name=Makeup
2025-12-26 10:03:46 - app.mappers.supplier_mapper - DEBUG - map_supplier_to_viewmodel:56 - Mapping supplier to viewmodel: LuxuryBrands
2025-12-26 10:03:46 - app.mappers.supplier_mapper - DEBUG - map_supplier_to_viewmodel:78 - Supplier mapped to viewmodel: LuxuryBrands
2025-12-26 10:03:46 - app.mappers.product_mapper - DEBUG - map_product_to_viewmodel:89 - Product mapped to viewmodel: Eyeshadow Palette
2025-12-26 10:03:46 - app.mappers.product_mapper - DEBUG - map_product_to_viewmodel:79 - Mapping product to viewmodel: Foundation
2025-12-26 10:03:46 - app.mappers.category - DEBUG - map_category_to_viewmodel:35 - Mapping Category DTO to ViewModel: Makeup
2025-12-26 10:03:46 - app.mappers.category - DEBUG - map_category_to_viewmodel:42 - Mapping result: category_name=Makeup
2025-12-26 10:03:46 - app.mappers.supplier_mapper - DEBUG - map_supplier_to_viewmodel:56 - Mapping supplier to viewmodel: BeautyCorp
2025-12-26 10:03:46 - app.mappers.supplier_mapper - DEBUG - map_supplier_to_viewmodel:78 - Supplier mapped to viewmodel: BeautyCorp
2025-12-26 10:03:46 - app.mappers.product_mapper - DEBUG - map_product_to_viewmodel:89 - Product mapped to viewmodel: Foundation
2025-12-26 10:03:46 - app.mappers.product_mapper - DEBUG - map_product_to_viewmodel:79 - Mapping product to viewmodel: Volume Shampoo
2025-12-26 10:03:46 - app.mappers.category - DEBUG - map_category_to_viewmodel:35 - Mapping Category DTO to ViewModel: Hair Care
2025-12-26 10:03:46 - app.mappers.category - DEBUG - map_category_to_viewmodel:42 - Mapping result: category_name=Hair Care
2025-12-26 10:03:46 - app.mappers.supplier_mapper - DEBUG - map_supplier_to_viewmodel:56 - Mapping supplier to viewmodel: NaturalGlow
2025-12-26 10:03:46 - app.mappers.supplier_mapper - DEBUG - map_supplier_to_viewmodel:78 - Supplier mapped to viewmodel: NaturalGlow
2025-12-26 10:03:46 - app.mappers.product_mapper - DEBUG - map_product_to_viewmodel:89 - Product mapped to viewmodel: Volume Shampoo
2025-12-26 10:03:46 - app.mappers.product_mapper - DEBUG - map_product_to_viewmodel:79 - Mapping product to viewmodel: Repair Conditioner
2025-12-26 10:03:46 - app.mappers.category - DEBUG - map_category_to_viewmodel:35 - Mapping Category DTO to ViewModel: Hair Care
2025-12-26 10:03:46 - app.mappers.category - DEBUG - map_category_to_viewmodel:42 - Mapping result: category_name=Hair Care
2025-12-26 10:03:46 - app.mappers.supplier_mapper - DEBUG - map_supplier_to_viewmodel:56 - Mapping supplier to viewmodel: TrendyCosmetics
2025-12-26 10:03:46 - app.mappers.supplier_mapper - DEBUG - map_supplier_to_viewmodel:78 - Supplier mapped to viewmodel: TrendyCosmetics
2025-12-26 10:03:46 - app.mappers.product_mapper - DEBUG - map_product_to_viewmodel:89 - Product mapped to viewmodel: Repair Conditioner
2025-12-26 10:03:46 - app.mappers.product_mapper - DEBUG - map_product_to_viewmodel:79 - Mapping product to viewmodel: Hair Mask
2025-12-26 10:03:46 - app.mappers.category - DEBUG - map_category_to_viewmodel:35 - Mapping Category DTO to ViewModel: Hair Care
2025-12-26 10:03:46 - app.mappers.category - DEBUG - map_category_to_viewmodel:42 - Mapping result: category_name=Hair Care
2025-12-26 10:03:46 - app.mappers.supplier_mapper - DEBUG - map_supplier_to_viewmodel:56 - Mapping supplier to viewmodel: CosmeticPlus
2025-12-26 10:03:46 - app.mappers.supplier_mapper - DEBUG - map_supplier_to_viewmodel:78 - Supplier mapped to viewmodel: CosmeticPlus
2025-12-26 10:03:46 - app.mappers.product_mapper - DEBUG - map_product_to_viewmodel:89 - Product mapped to viewmodel: Hair Mask
2025-12-26 10:03:46 - app.mappers.product_mapper - DEBUG - map_product_to_viewmodel:79 - Mapping product to viewmodel: Floral Perfume
2025-12-26 10:03:46 - app.mappers.category - DEBUG - map_category_to_viewmodel:35 - Mapping Category DTO to ViewModel: Fragrance
2025-12-26 10:03:46 - app.mappers.category - DEBUG - map_category_to_viewmodel:42 - Mapping result: category_name=Fragrance
2025-12-26 10:03:46 - app.mappers.supplier_mapper - DEBUG - map_supplier_to_viewmodel:56 - Mapping supplier to viewmodel: LuxuryBrands
2025-12-26 10:03:46 - app.mappers.supplier_mapper - DEBUG - map_supplier_to_viewmodel:78 - Supplier mapped to viewmodel: LuxuryBrands
2025-12-26 10:03:46 - app.mappers.product_mapper - DEBUG - map_product_to_viewmodel:89 - Product mapped to viewmodel: Floral Perfume
2025-12-26 10:03:46 - app.mappers.product_mapper - DEBUG - map_product_to_viewmodel:79 - Mapping product to viewmodel: Woody Cologne
2025-12-26 10:03:46 - app.mappers.category - DEBUG - map_category_to_viewmodel:35 - Mapping Category DTO to ViewModel: Fragrance
2025-12-26 10:03:46 - app.mappers.category - DEBUG - map_category_to_viewmodel:42 - Mapping result: category_name=Fragrance
2025-12-26 10:03:46 - app.mappers.supplier_mapper - DEBUG - map_supplier_to_viewmodel:56 - Mapping supplier to viewmodel: BeautyCorp
2025-12-26 10:03:46 - app.mappers.supplier_mapper - DEBUG - map_supplier_to_viewmodel:78 - Supplier mapped to viewmodel: BeautyCorp
2025-12-26 10:03:46 - app.mappers.product_mapper - DEBUG - map_product_to_viewmodel:89 - Product mapped to viewmodel: Woody Cologne
2025-12-26 10:03:46 - app.mappers.product_mapper - DEBUG - map_product_to_viewmodel:79 - Mapping product to viewmodel: Nail Polish Set
2025-12-26 10:03:46 - app.mappers.category - DEBUG - map_category_to_viewmodel:35 - Mapping Category DTO to ViewModel: Nail Care
2025-12-26 10:03:46 - app.mappers.category - DEBUG - map_category_to_viewmodel:42 - Mapping result: category_name=Nail Care
2025-12-26 10:03:46 - app.mappers.supplier_mapper - DEBUG - map_supplier_to_viewmodel:56 - Mapping supplier to viewmodel: TrendyCosmetics
2025-12-26 10:03:46 - app.mappers.supplier_mapper - DEBUG - map_supplier_to_viewmodel:78 - Supplier mapped to viewmodel: TrendyCosmetics
2025-12-26 10:03:46 - app.mappers.product_mapper - DEBUG - map_product_to_viewmodel:89 - Product mapped to viewmodel: Nail Polish Set
2025-12-26 10:03:46 - app.mappers.product_mapper - DEBUG - map_product_to_viewmodel:79 - Mapping product to viewmodel: Nail Strengthener
2025-12-26 10:03:46 - app.mappers.category - DEBUG - map_category_to_viewmodel:35 - Mapping Category DTO to ViewModel: Nail Care
2025-12-26 10:03:46 - app.mappers.category - DEBUG - map_category_to_viewmodel:42 - Mapping result: category_name=Nail Care
2025-12-26 10:03:46 - app.mappers.supplier_mapper - DEBUG - map_supplier_to_viewmodel:56 - Mapping supplier to viewmodel: NaturalGlow
2025-12-26 10:03:46 - app.mappers.supplier_mapper - DEBUG - map_supplier_to_viewmodel:78 - Supplier mapped to viewmodel: NaturalGlow
2025-12-26 10:03:46 - app.mappers.product_mapper - DEBUG - map_product_to_viewmodel:89 - Product mapped to viewmodel: Nail Strengthener
2025-12-26 10:03:46 - app.services.product_service - INFO - get_products:58 - Retrieved 13 products
2025-12-26 10:03:46 - app.routers.products - INFO - read_products:36 - Retrieved 13 products
2025-12-26 10:03:46 - app.routers.suppliers - INFO - read_suppliers:34 - Fetching suppliers with skip=0, limit=100
2025-12-26 10:03:46 - app.services.supplier_service - INFO - get_suppliers:53 - Retrieving suppliers with skip=0, limit=100
2025-12-26 10:03:46 - app.dbAccess.supplier - DEBUG - get_suppliers:20 - Querying suppliers with skip=0, limit=100
2025-12-26 10:03:46 - app.dbAccess.supplier - DEBUG - get_suppliers:23 - Retrieved 5 suppliers
2025-12-26 10:03:46 - app.mappers.supplier_mapper - DEBUG - map_supplier_to_viewmodel:56 - Mapping supplier to viewmodel: BeautyCorp
2025-12-26 10:03:46 - app.mappers.supplier_mapper - DEBUG - map_supplier_to_viewmodel:78 - Supplier mapped to viewmodel: BeautyCorp
2025-12-26 10:03:46 - app.mappers.supplier_mapper - DEBUG - map_supplier_to_viewmodel:56 - Mapping supplier to viewmodel: CosmeticPlus
2025-12-26 10:03:46 - app.mappers.supplier_mapper - DEBUG - map_supplier_to_viewmodel:78 - Supplier mapped to viewmodel: CosmeticPlus
2025-12-26 10:03:46 - app.mappers.supplier_mapper - DEBUG - map_supplier_to_viewmodel:56 - Mapping supplier to viewmodel: LuxuryBrands
2025-12-26 10:03:46 - app.mappers.supplier_mapper - DEBUG - map_supplier_to_viewmodel:78 - Supplier mapped to viewmodel: LuxuryBrands
2025-12-26 10:03:46 - app.mappers.supplier_mapper - DEBUG - map_supplier_to_viewmodel:56 - Mapping supplier to viewmodel: NaturalGlow
2025-12-26 10:03:46 - app.mappers.supplier_mapper - DEBUG - map_supplier_to_viewmodel:78 - Supplier mapped to viewmodel: NaturalGlow
2025-12-26 10:03:46 - app.mappers.supplier_mapper - DEBUG - map_supplier_to_viewmodel:56 - Mapping supplier to viewmodel: TrendyCosmetics
2025-12-26 10:03:46 - app.mappers.supplier_mapper - DEBUG - map_supplier_to_viewmodel:78 - Supplier mapped to viewmodel: TrendyCosmetics
2025-12-26 10:03:46 - app.services.supplier_service - INFO - get_suppliers:56 - Retrieved 5 suppliers
2025-12-26 10:03:46 - app.routers.suppliers - INFO - read_suppliers:36 - Retrieved 5 suppliers
2025-12-26 10:03:46 - app.routers.inventory - INFO - read_inventories:34 - Fetching inventories with skip=0, limit=100
2025-12-26 10:03:46 - app.services.inventory_service - INFO - get_inventories:52 - Retrieving inventories with skip=0, limit=100
2025-12-26 10:03:46 - app.dbAccess.inventory - DEBUG - get_inventories:25 - Querying inventories with skip=0, limit=100
2025-12-26 10:03:46 - app.dbAccess.inventory - DEBUG - get_inventories:32 - Retrieved 13 inventories
2025-12-26 10:03:46 - app.mappers.inventory_mapper - DEBUG - map_inventory_to_viewmodel:51 - Mapping inventory to viewmodel: 1
2025-12-26 10:03:46 - app.mappers.product_mapper - DEBUG - map_product_to_viewmodel:79 - Mapping product to viewmodel: Hydrating Face Cream
2025-12-26 10:03:58 - app.routers.categories - INFO - read_categories:34 - Fetching categories with skip=0, limit=100
2025-12-26 10:03:58 - app.dbAccess.category - DEBUG - get_categories:17 - Querying categories with skip=0, limit=100
2025-12-26 10:03:58 - app.dbAccess.category - DEBUG - get_categories:20 - Categories query returned 5 results
2025-12-26 10:03:58 - app.mappers.category - DEBUG - map_category_to_viewmodel:35 - Mapping Category DTO to ViewModel: Skincare
2025-12-26 10:03:58 - app.mappers.category - DEBUG - map_category_to_viewmodel:42 - Mapping result: category_name=Skincare
2025-12-26 10:03:58 - app.mappers.category - DEBUG - map_category_to_viewmodel:35 - Mapping Category DTO to ViewModel: Makeup
2025-12-26 10:03:58 - app.mappers.category - DEBUG - map_category_to_viewmodel:42 - Mapping result: category_name=Makeup
2025-12-26 10:03:58 - app.mappers.category - DEBUG - map_category_to_viewmodel:35 - Mapping Category DTO to ViewModel: Hair Care
2025-12-26 10:03:58 - app.mappers.category - DEBUG - map_category_to_viewmodel:42 - Mapping result: category_name=Hair Care
2025-12-26 10:03:58 - app.mappers.category - DEBUG - map_category_to_viewmodel:35 - Mapping Category DTO to ViewModel: Fragrance
2025-12-26 10:03:58 - app.mappers.category - DEBUG - map_category_to_viewmodel:42 - Mapping result: category_name=Fragrance
2025-12-26 10:03:58 - app.mappers.category - DEBUG - map_category_to_viewmodel:35 - Mapping Category DTO to ViewModel: Nail Care
2025-12-26 10:03:58 - app.mappers.category - DEBUG - map_category_to_viewmodel:42 - Mapping result: category_name=Nail Care
2025-12-26 10:03:58 - app.routers.categories - INFO - read_categories:36 - Retrieved 5 categories
2025-12-26 10:03:58 - app.routers.products - INFO - read_products:34 - Fetching products with skip=0, limit=100
2025-12-26 10:03:58 - app.services.product_service - INFO - get_products:55 - Retrieving products with skip=0, limit=100
2025-12-26 10:03:58 - app.dbAccess.product - DEBUG - get_products:25 - Querying products with skip=0, limit=100
2025-12-26 10:03:58 - app.dbAccess.product - DEBUG - get_products:32 - Retrieved 13 products
2025-12-26 10:03:58 - app.mappers.product_mapper - DEBUG - map_product_to_viewmodel:79 - Mapping product to viewmodel: Hydrating Face Cream
2025-12-26 10:03:58 - app.mappers.category - DEBUG - map_category_to_viewmodel:35 - Mapping Category DTO to ViewModel: Skincare
2025-12-26 10:03:58 - app.mappers.category - DEBUG - map_category_to_viewmodel:42 - Mapping result: category_name=Skincare
2025-12-26 10:03:58 - app.mappers.supplier_mapper - DEBUG - map_supplier_to_viewmodel:56 - Mapping supplier to viewmodel: BeautyCorp
2025-12-26 10:03:58 - app.mappers.supplier_mapper - DEBUG - map_supplier_to_viewmodel:78 - Supplier mapped to viewmodel: BeautyCorp
2025-12-26 10:03:58 - app.mappers.product_mapper - DEBUG - map_product_to_viewmodel:89 - Product mapped to viewmodel: Hydrating Face Cream
2025-12-26 10:03:58 - app.mappers.product_mapper - DEBUG - map_product_to_viewmodel:79 - Mapping product to viewmodel: Anti-Aging Serum
2025-12-26 10:03:58 - app.mappers.category - DEBUG - map_category_to_viewmodel:35 - Mapping Category DTO to ViewModel: Skincare
2025-12-26 10:03:58 - app.mappers.category - DEBUG - map_category_to_viewmodel:42 - Mapping result: category_name=Skincare
2025-12-26 10:03:58 - app.mappers.supplier_mapper - DEBUG - map_supplier_to_viewmodel:56 - Mapping supplier to viewmodel: CosmeticPlus
2025-12-26 10:03:58 - app.mappers.supplier_mapper - DEBUG - map_supplier_to_viewmodel:78 - Supplier mapped to viewmodel: CosmeticPlus
2025-12-26 10:03:58 - app.mappers.product_mapper - DEBUG - map_product_to_viewmodel:89 - Product mapped to viewmodel: Anti-Aging Serum
2025-12-26 10:03:58 - app.mappers.product_mapper - DEBUG - map_product_to_viewmodel:79 - Mapping product to viewmodel: Gentle Cleanser
2025-12-26 10:03:58 - app.mappers.category - DEBUG - map_category_to_viewmodel:35 - Mapping Category DTO to ViewModel: Skincare
2025-12-26 10:03:58 - app.mappers.category - DEBUG - map_category_to_viewmodel:42 - Mapping result: category_name=Skincare
2025-12-26 10:03:58 - app.mappers.supplier_mapper - DEBUG - map_supplier_to_viewmodel:56 - Mapping supplier to viewmodel: NaturalGlow
2025-12-26 10:03:58 - app.mappers.supplier_mapper - DEBUG - map_supplier_to_viewmodel:78 - Supplier mapped to viewmodel: NaturalGlow
2025-12-26 10:03:58 - app.mappers.product_mapper - DEBUG - map_product_to_viewmodel:89 - Product mapped to viewmodel: Gentle Cleanser
2025-12-26 10:03:58 - app.mappers.product_mapper - DEBUG - map_product_to_viewmodel:79 - Mapping product to viewmodel: Matte Lipstick
2025-12-26 10:03:58 - app.mappers.category - DEBUG - map_category_to_viewmodel:35 - Mapping Category DTO to ViewModel: Makeup
2025-12-26 10:03:58 - app.mappers.category - DEBUG - map_category_to_viewmodel:42 - Mapping result: category_name=Makeup
2025-12-26 10:03:58 - app.mappers.supplier_mapper - DEBUG - map_supplier_to_viewmodel:56 - Mapping supplier to viewmodel: CosmeticPlus
2025-12-26 10:03:58 - app.mappers.supplier_mapper - DEBUG - map_supplier_to_viewmodel:78 - Supplier mapped to viewmodel: CosmeticPlus
2025-12-26 10:03:58 - app.mappers.product_mapper - DEBUG - map_product_to_viewmodel:89 - Product mapped to viewmodel: Matte Lipstick
2025-12-26 10:03:58 - app.mappers.product_mapper - DEBUG - map_product_to_viewmodel:79 - Mapping product to viewmodel: Eyeshadow Palette
2025-12-26 10:03:58 - app.mappers.category - DEBUG - map_category_to_viewmodel:35 - Mapping Category DTO to ViewModel: Makeup
2025-12-26 10:03:58 - app.mappers.category - DEBUG - map_category_to_viewmodel:42 - Mapping result: category_name=Makeup
2025-12-26 10:03:58 - app.mappers.supplier_mapper - DEBUG - map_supplier_to_viewmodel:56 - Mapping supplier to viewmodel: LuxuryBrands
2025-12-26 10:03:58 - app.mappers.supplier_mapper - DEBUG - map_supplier_to_viewmodel:78 - Supplier mapped to viewmodel: LuxuryBrands
2025-12-26 10:03:58 - app.mappers.product_mapper - DEBUG - map_product_to_viewmodel:89 - Product mapped to viewmodel: Eyeshadow Palette
2025-12-26 10:03:58 - app.mappers.product_mapper - DEBUG - map_product_to_viewmodel:79 - Mapping product to viewmodel: Foundation
2025-12-26 10:03:58 - app.mappers.category - DEBUG - map_category_to_viewmodel:35 - Mapping Category DTO to ViewModel: Makeup
2025-12-26 10:03:58 - app.mappers.category - DEBUG - map_category_to_viewmodel:42 - Mapping result: category_name=Makeup
2025-12-26 10:03:58 - app.mappers.supplier_mapper - DEBUG - map_supplier_to_viewmodel:56 - Mapping supplier to viewmodel: BeautyCorp
2025-12-26 10:03:58 - app.mappers.supplier_mapper - DEBUG - map_supplier_to_viewmodel:78 - Supplier mapped to viewmodel: BeautyCorp
2025-12-26 10:03:58 - app.mappers.product_mapper - DEBUG - map_product_to_viewmodel:89 - Product mapped to viewmodel: Foundation
2025-12-26 10:03:58 - app.mappers.product_mapper - DEBUG - map_product_to_viewmodel:79 - Mapping product to viewmodel: Volume Shampoo
2025-12-26 10:03:58 - app.mappers.category - DEBUG - map_category_to_viewmodel:35 - Mapping Category DTO to ViewModel: Hair Care
2025-12-26 10:03:58 - app.mappers.category - DEBUG - map_category_to_viewmodel:42 - Mapping result: category_name=Hair Care
2025-12-26 10:03:58 - app.mappers.supplier_mapper - DEBUG - map_supplier_to_viewmodel:56 - Mapping supplier to viewmodel: NaturalGlow
2025-12-26 10:03:58 - app.mappers.supplier_mapper - DEBUG - map_supplier_to_viewmodel:78 - Supplier mapped to viewmodel: NaturalGlow
2025-12-26 10:03:58 - app.mappers.product_mapper - DEBUG - map_product_to_viewmodel:89 - Product mapped to viewmodel: Volume Shampoo
2025-12-26 10:03:58 - app.mappers.product_mapper - DEBUG - map_product_to_viewmodel:79 - Mapping product to viewmodel: Repair Conditioner
2025-12-26 10:03:58 - app.mappers.category - DEBUG - map_category_to_viewmodel:35 - Mapping Category DTO to ViewModel: Hair Care
2025-12-26 10:03:58 - app.mappers.category - DEBUG - map_category_to_viewmodel:42 - Mapping result: category_name=Hair Care
2025-12-26 10:03:58 - app.mappers.supplier_mapper - DEBUG - map_supplier_to_viewmodel:56 - Mapping supplier to viewmodel: TrendyCosmetics
2025-12-26 10:03:58 - app.mappers.supplier_mapper - DEBUG - map_supplier_to_viewmodel:78 - Supplier mapped to viewmodel: TrendyCosmetics
2025-12-26 10:03:58 - app.mappers.product_mapper - DEBUG - map_product_to_viewmodel:89 - Product mapped to viewmodel: Repair Conditioner
2025-12-26 10:03:58 - app.mappers.product_mapper - DEBUG - map_product_to_viewmodel:79 - Mapping product to viewmodel: Hair Mask
2025-12-26 10:03:58 - app.mappers.category - DEBUG - map_category_to_viewmodel:35 - Mapping Category DTO to ViewModel: Hair Care
2025-12-26 10:03:58 - app.mappers.category - DEBUG - map_category_to_viewmodel:42 - Mapping result: category_name=Hair Care
2025-12-26 10:03:58 - app.mappers.supplier_mapper - DEBUG - map_supplier_to_viewmodel:56 - Mapping supplier to viewmodel: CosmeticPlus
2025-12-26 10:03:58 - app.mappers.supplier_mapper - DEBUG - map_supplier_to_viewmodel:78 - Supplier mapped to viewmodel: CosmeticPlus
2025-12-26 10:03:58 - app.mappers.product_mapper - DEBUG - map_product_to_viewmodel:89 - Product mapped to viewmodel: Hair Mask
2025-12-26 10:03:58 - app.mappers.product_mapper - DEBUG - map_product_to_viewmodel:79 - Mapping product to viewmodel: Floral Perfume
2025-12-26 10:03:58 - app.mappers.category - DEBUG - map_category_to_viewmodel:35 - Mapping Category DTO to ViewModel: Fragrance
2025-12-26 10:03:58 - app.mappers.category - DEBUG - map_category_to_viewmodel:42 - Mapping result: category_name=Fragrance
2025-12-26 10:03:58 - app.mappers.supplier_mapper - DEBUG - map_supplier_to_viewmodel:56 - Mapping supplier to viewmodel: LuxuryBrands
2025-12-26 10:03:58 - app.mappers.supplier_mapper - DEBUG - map_supplier_to_viewmodel:78 - Supplier mapped to viewmodel: LuxuryBrands
2025-12-26 10:03:58 - app.mappers.product_mapper - DEBUG - map_product_to_viewmodel:89 - Product mapped to viewmodel: Floral Perfume
2025-12-26 10:03:58 - app.mappers.product_mapper - DEBUG - map_product_to_viewmodel:79 - Mapping product to viewmodel: Woody Cologne
2025-12-26 10:03:58 - app.mappers.category - DEBUG - map_category_to_viewmodel:35 - Mapping Category DTO to ViewModel: Fragrance
2025-12-26 10:03:58 - app.mappers.category - DEBUG - map_category_to_viewmodel:42 - Mapping result: category_name=Fragrance
2025-12-26 10:03:58 - app.mappers.supplier_mapper - DEBUG - map_supplier_to_viewmodel:56 - Mapping supplier to viewmodel: BeautyCorp
2025-12-26 10:03:58 - app.mappers.supplier_mapper - DEBUG - map_supplier_to_viewmodel:78 - Supplier mapped to viewmodel: BeautyCorp
2025-12-26 10:03:58 - app.mappers.product_mapper - DEBUG - map_product_to_viewmodel:89 - Product mapped to viewmodel: Woody Cologne
2025-12-26 10:03:58 - app.mappers.product_mapper - DEBUG - map_product_to_viewmodel:79 - Mapping product to viewmodel: Nail Polish Set
2025-12-26 10:03:58 - app.mappers.category - DEBUG - map_category_to_viewmodel:35 - Mapping Category DTO to ViewModel: Nail Care
2025-12-26 10:03:58 - app.mappers.category - DEBUG - map_category_to_viewmodel:42 - Mapping result: category_name=Nail Care
2025-12-26 10:03:58 - app.mappers.supplier_mapper - DEBUG - map_supplier_to_viewmodel:56 - Mapping supplier to viewmodel: TrendyCosmetics
2025-12-26 10:03:58 - app.mappers.supplier_mapper - DEBUG - map_supplier_to_viewmodel:78 - Supplier mapped to viewmodel: TrendyCosmetics
2025-12-26 10:03:58 - app.mappers.product_mapper - DEBUG - map_product_to_viewmodel:89 - Product mapped to viewmodel: Nail Polish Set
2025-12-26 10:03:58 - app.mappers.product_mapper - DEBUG - map_product_to_viewmodel:79 - Mapping product to viewmodel: Nail Strengthener
2025-12-26 10:03:58 - app.mappers.category - DEBUG - map_category_to_viewmodel:35 - Mapping Category DTO to ViewModel: Nail Care
2025-12-26 10:03:58 - app.mappers.category - DEBUG - map_category_to_viewmodel:42 - Mapping result: category_name=Nail Care
2025-12-26 10:03:58 - app.mappers.supplier_mapper - DEBUG - map_supplier_to_viewmodel:56 - Mapping supplier to viewmodel: NaturalGlow
2025-12-26 10:03:58 - app.mappers.supplier_mapper - DEBUG - map_supplier_to_viewmodel:78 - Supplier mapped to viewmodel: NaturalGlow
2025-12-26 10:03:58 - app.mappers.product_mapper - DEBUG - map_product_to_viewmodel:89 - Product mapped to viewmodel: Nail Strengthener
2025-12-26 10:03:58 - app.services.product_service - INFO - get_products:58 - Retrieved 13 products
2025-12-26 10:03:58 - app.routers.products - INFO - read_products:36 - Retrieved 13 products
2025-12-26 10:03:58 - app.routers.suppliers - INFO - read_suppliers:34 - Fetching suppliers with skip=0, limit=100
2025-12-26 10:03:58 - app.services.supplier_service - INFO - get_suppliers:53 - Retrieving suppliers with skip=0, limit=100
2025-12-26 10:03:58 - app.dbAccess.supplier - DEBUG - get_suppliers:20 - Querying suppliers with skip=0, limit=100
2025-12-26 10:03:58 - app.dbAccess.supplier - DEBUG - get_suppliers:23 - Retrieved 5 suppliers
2025-12-26 10:03:58 - app.mappers.supplier_mapper - DEBUG - map_supplier_to_viewmodel:56 - Mapping supplier to viewmodel: BeautyCorp
2025-12-26 10:03:58 - app.mappers.supplier_mapper - DEBUG - map_supplier_to_viewmodel:78 - Supplier mapped to viewmodel: BeautyCorp
2025-12-26 10:03:58 - app.mappers.supplier_mapper - DEBUG - map_supplier_to_viewmodel:56 - Mapping supplier to viewmodel: CosmeticPlus
2025-12-26 10:03:58 - app.mappers.supplier_mapper - DEBUG - map_supplier_to_viewmodel:78 - Supplier mapped to viewmodel: CosmeticPlus
2025-12-26 10:03:58 - app.mappers.supplier_mapper - DEBUG - map_supplier_to_viewmodel:56 - Mapping supplier to viewmodel: LuxuryBrands
2025-12-26 10:03:58 - app.mappers.supplier_mapper - DEBUG - map_supplier_to_viewmodel:78 - Supplier mapped to viewmodel: LuxuryBrands
2025-12-26 10:03:58 - app.mappers.supplier_mapper - DEBUG - map_supplier_to_viewmodel:56 - Mapping supplier to viewmodel: NaturalGlow
2025-12-26 10:03:58 - app.mappers.supplier_mapper - DEBUG - map_supplier_to_viewmodel:78 - Supplier mapped to viewmodel: NaturalGlow
2025-12-26 10:03:58 - app.mappers.supplier_mapper - DEBUG - map_supplier_to_viewmodel:56 - Mapping supplier to viewmodel: TrendyCosmetics
2025-12-26 10:03:58 - app.mappers.supplier_mapper - DEBUG - map_supplier_to_viewmodel:78 - Supplier mapped to viewmodel: TrendyCosmetics
2025-12-26 10:03:58 - app.services.supplier_service - INFO - get_suppliers:56 - Retrieved 5 suppliers
2025-12-26 10:03:58 - app.routers.suppliers - INFO - read_suppliers:36 - Retrieved 5 suppliers
2025-12-26 10:03:58 - app.routers.inventory - INFO - read_inventories:34 - Fetching inventories with skip=0, limit=100
2025-12-26 10:03:58 - app.services.inventory_service - INFO - get_inventories:52 - Retrieving inventories with skip=0, limit=100
2025-12-26 10:03:58 - app.dbAccess.inventory - DEBUG - get_inventories:25 - Querying inventories with skip=0, limit=100
2025-12-26 10:03:58 - app.dbAccess.inventory - DEBUG - get_inventories:32 - Retrieved 13 inventories
2025-12-26 10:03:58 - app.mappers.inventory_mapper - DEBUG - map_inventory_to_viewmodel:51 - Mapping inventory to viewmodel: 1
2025-12-26 10:03:58 - app.mappers.product_mapper - DEBUG - map_product_to_viewmodel:79 - Mapping product to viewmodel: Hydrating Face Cream
2025-12-26 10:06:10 - app - INFO - startup:15 - Starting Cosmetics Inventory API
2025-12-26 10:06:10 - app - INFO - startup:18 - Database tables created/verified successfully
2025-12-26 10:06:12 - app.routers.categories - INFO - read_categories:34 - Fetching categories with skip=0, limit=100
2025-12-26 10:06:12 - app.dbAccess.category - DEBUG - get_categories:17 - Querying categories with skip=0, limit=100
2025-12-26 10:06:12 - app.dbAccess.category - DEBUG - get_categories:20 - Categories query returned 5 results
2025-12-26 10:06:12 - app.mappers.category - DEBUG - map_category_to_viewmodel:35 - Mapping Category DTO to ViewModel: Skincare
2025-12-26 10:06:12 - app.mappers.category - DEBUG - map_category_to_viewmodel:42 - Mapping result: category_name=Skincare
2025-12-26 10:06:12 - app.mappers.category - DEBUG - map_category_to_viewmodel:35 - Mapping Category DTO to ViewModel: Makeup
2025-12-26 10:06:12 - app.mappers.category - DEBUG - map_category_to_viewmodel:42 - Mapping result: category_name=Makeup
2025-12-26 10:06:12 - app.mappers.category - DEBUG - map_category_to_viewmodel:35 - Mapping Category DTO to ViewModel: Hair Care
2025-12-26 10:06:12 - app.mappers.category - DEBUG - map_category_to_viewmodel:42 - Mapping result: category_name=Hair Care
2025-12-26 10:06:12 - app.mappers.category - DEBUG - map_category_to_viewmodel:35 - Mapping Category DTO to ViewModel: Fragrance
2025-12-26 10:06:12 - app.mappers.category - DEBUG - map_category_to_viewmodel:42 - Mapping result: category_name=Fragrance
2025-12-26 10:06:12 - app.mappers.category - DEBUG - map_category_to_viewmodel:35 - Mapping Category DTO to ViewModel: Nail Care
2025-12-26 10:06:12 - app.mappers.category - DEBUG - map_category_to_viewmodel:42 - Mapping result: category_name=Nail Care
2025-12-26 10:06:12 - app.routers.categories - INFO - read_categories:36 - Retrieved 5 categories
2025-12-26 10:06:18 - app - INFO - startup:15 - Starting Cosmetics Inventory API
2025-12-26 10:06:18 - app - INFO - startup:18 - Database tables created/verified successfully
2025-12-26 10:06:21 - app.routers.categories - INFO - read_categories:34 - Fetching categories with skip=0, limit=100
2025-12-26 10:06:21 - app.dbAccess.category - DEBUG - get_categories:17 - Querying categories with skip=0, limit=100
2025-12-26 10:06:21 - app.dbAccess.category - DEBUG - get_categories:20 - Categories query returned 5 results
2025-12-26 10:06:21 - app.mappers.category - DEBUG - map_category_to_viewmodel:35 - Mapping Category DTO to ViewModel: Skincare
2025-12-26 10:06:21 - app.mappers.category - DEBUG - map_category_to_viewmodel:42 - Mapping result: category_name=Skincare
2025-12-26 10:06:21 - app.mappers.category - DEBUG - map_category_to_viewmodel:35 - Mapping Category DTO to ViewModel: Makeup
2025-12-26 10:06:21 - app.mappers.category - DEBUG - map_category_to_viewmodel:42 - Mapping result: category_name=Makeup
2025-12-26 10:06:21 - app.mappers.category - DEBUG - map_category_to_viewmodel:35 - Mapping Category DTO to ViewModel: Hair Care
2025-12-26 10:06:21 - app.mappers.category - DEBUG - map_category_to_viewmodel:42 - Mapping result: category_name=Hair Care
2025-12-26 10:06:21 - app.mappers.category - DEBUG - map_category_to_viewmodel:35 - Mapping Category DTO to ViewModel: Fragrance
2025-12-26 10:06:21 - app.mappers.category - DEBUG - map_category_to_viewmodel:42 - Mapping result: category_name=Fragrance
2025-12-26 10:06:21 - app.mappers.category - DEBUG - map_category_to_viewmodel:35 - Mapping Category DTO to ViewModel: Nail Care
2025-12-26 10:06:21 - app.mappers.category - DEBUG - map_category_to_viewmodel:42 - Mapping result: category_name=Nail Care
2025-12-26 10:06:21 - app.routers.categories - INFO - read_categories:36 - Retrieved 5 categories
2025-12-26 10:06:21 - app.routers.products - INFO - read_products:34 - Fetching products with skip=0, limit=100
2025-12-26 10:06:21 - app.services.product_service - INFO - get_products:55 - Retrieving products with skip=0, limit=100
2025-12-26 10:06:21 - app.dbAccess.product - DEBUG - get_products:25 - Querying products with skip=0, limit=100
2025-12-26 10:06:21 - app.dbAccess.product - DEBUG - get_products:32 - Retrieved 13 products
2025-12-26 10:06:21 - app.mappers.product_mapper - DEBUG - map_product_to_viewmodel:79 - Mapping product to viewmodel: Hydrating Face Cream
2025-12-26 10:06:21 - app.mappers.category - DEBUG - map_category_to_viewmodel:35 - Mapping Category DTO to ViewModel: Skincare
2025-12-26 10:06:21 - app.mappers.category - DEBUG - map_category_to_viewmodel:42 - Mapping result: category_name=Skincare
2025-12-26 10:06:21 - app.mappers.supplier_mapper - DEBUG - map_supplier_to_viewmodel:56 - Mapping supplier to viewmodel: BeautyCorp
2025-12-26 10:06:21 - app.mappers.supplier_mapper - DEBUG - map_supplier_to_viewmodel:78 - Supplier mapped to viewmodel: BeautyCorp
2025-12-26 10:06:21 - app.mappers.product_mapper - DEBUG - map_product_to_viewmodel:89 - Product mapped to viewmodel: Hydrating Face Cream
2025-12-26 10:06:21 - app.mappers.product_mapper - DEBUG - map_product_to_viewmodel:79 - Mapping product to viewmodel: Anti-Aging Serum
2025-12-26 10:06:21 - app.mappers.category - DEBUG - map_category_to_viewmodel:35 - Mapping Category DTO to ViewModel: Skincare
2025-12-26 10:06:21 - app.mappers.category - DEBUG - map_category_to_viewmodel:42 - Mapping result: category_name=Skincare
2025-12-26 10:06:21 - app.mappers.supplier_mapper - DEBUG - map_supplier_to_viewmodel:56 - Mapping supplier to viewmodel: CosmeticPlus
2025-12-26 10:06:21 - app.mappers.supplier_mapper - DEBUG - map_supplier_to_viewmodel:78 - Supplier mapped to viewmodel: CosmeticPlus
2025-12-26 10:06:21 - app.mappers.product_mapper - DEBUG - map_product_to_viewmodel:89 - Product mapped to viewmodel: Anti-Aging Serum
2025-12-26 10:06:21 - app.mappers.product_mapper - DEBUG - map_product_to_viewmodel:79 - Mapping product to viewmodel: Gentle Cleanser
2025-12-26 10:06:21 - app.mappers.category - DEBUG - map_category_to_viewmodel:35 - Mapping Category DTO to ViewModel: Skincare
2025-12-26 10:06:21 - app.mappers.category - DEBUG - map_category_to_viewmodel:42 - Mapping result: category_name=Skincare
2025-12-26 10:06:21 - app.mappers.supplier_mapper - DEBUG - map_supplier_to_viewmodel:56 - Mapping supplier to viewmodel: NaturalGlow
2025-12-26 10:06:21 - app.mappers.supplier_mapper - DEBUG - map_supplier_to_viewmodel:78 - Supplier mapped to viewmodel: NaturalGlow
2025-12-26 10:06:21 - app.mappers.product_mapper - DEBUG - map_product_to_viewmodel:89 - Product mapped to viewmodel: Gentle Cleanser
2025-12-26 10:06:21 - app.mappers.product_mapper - DEBUG - map_product_to_viewmodel:79 - Mapping product to viewmodel: Matte Lipstick
2025-12-26 10:06:21 - app.mappers.category - DEBUG - map_category_to_viewmodel:35 - Mapping Category DTO to ViewModel: Makeup
2025-12-26 10:06:21 - app.mappers.category - DEBUG - map_category_to_viewmodel:42 - Mapping result: category_name=Makeup
2025-12-26 10:06:21 - app.mappers.supplier_mapper - DEBUG - map_supplier_to_viewmodel:56 - Mapping supplier to viewmodel: CosmeticPlus
2025-12-26 10:06:21 - app.mappers.supplier_mapper - DEBUG - map_supplier_to_viewmodel:78 - Supplier mapped to viewmodel: CosmeticPlus
2025-12-26 10:06:21 - app.mappers.product_mapper - DEBUG - map_product_to_viewmodel:89 - Product mapped to viewmodel: Matte Lipstick
2025-12-26 10:06:21 - app.mappers.product_mapper - DEBUG - map_product_to_viewmodel:79 - Mapping product to viewmodel: Eyeshadow Palette
2025-12-26 10:06:21 - app.mappers.category - DEBUG - map_category_to_viewmodel:35 - Mapping Category DTO to ViewModel: Makeup
2025-12-26 10:06:21 - app.mappers.category - DEBUG - map_category_to_viewmodel:42 - Mapping result: category_name=Makeup
2025-12-26 10:06:21 - app.mappers.supplier_mapper - DEBUG - map_supplier_to_viewmodel:56 - Mapping supplier to viewmodel: LuxuryBrands
2025-12-26 10:06:21 - app.mappers.supplier_mapper - DEBUG - map_supplier_to_viewmodel:78 - Supplier mapped to viewmodel: LuxuryBrands
2025-12-26 10:06:21 - app.mappers.product_mapper - DEBUG - map_product_to_viewmodel:89 - Product mapped to viewmodel: Eyeshadow Palette
2025-12-26 10:06:21 - app.mappers.product_mapper - DEBUG - map_product_to_viewmodel:79 - Mapping product to viewmodel: Foundation
2025-12-26 10:06:21 - app.mappers.category - DEBUG - map_category_to_viewmodel:35 - Mapping Category DTO to ViewModel: Makeup
2025-12-26 10:06:21 - app.mappers.category - DEBUG - map_category_to_viewmodel:42 - Mapping result: category_name=Makeup
2025-12-26 10:06:21 - app.mappers.supplier_mapper - DEBUG - map_supplier_to_viewmodel:56 - Mapping supplier to viewmodel: BeautyCorp
2025-12-26 10:06:21 - app.mappers.supplier_mapper - DEBUG - map_supplier_to_viewmodel:78 - Supplier mapped to viewmodel: BeautyCorp
2025-12-26 10:06:21 - app.mappers.product_mapper - DEBUG - map_product_to_viewmodel:89 - Product mapped to viewmodel: Foundation
2025-12-26 10:06:21 - app.mappers.product_mapper - DEBUG - map_product_to_viewmodel:79 - Mapping product to viewmodel: Volume Shampoo
2025-12-26 10:06:21 - app.mappers.category - DEBUG - map_category_to_viewmodel:35 - Mapping Category DTO to ViewModel: Hair Care
2025-12-26 10:06:21 - app.mappers.category - DEBUG - map_category_to_viewmodel:42 - Mapping result: category_name=Hair Care
2025-12-26 10:06:21 - app.mappers.supplier_mapper - DEBUG - map_supplier_to_viewmodel:56 - Mapping supplier to viewmodel: NaturalGlow
2025-12-26 10:06:21 - app.mappers.supplier_mapper - DEBUG - map_supplier_to_viewmodel:78 - Supplier mapped to viewmodel: NaturalGlow
2025-12-26 10:06:21 - app.mappers.product_mapper - DEBUG - map_product_to_viewmodel:89 - Product mapped to viewmodel: Volume Shampoo
2025-12-26 10:06:21 - app.mappers.product_mapper - DEBUG - map_product_to_viewmodel:79 - Mapping product to viewmodel: Repair Conditioner
2025-12-26 10:06:21 - app.mappers.category - DEBUG - map_category_to_viewmodel:35 - Mapping Category DTO to ViewModel: Hair Care
2025-12-26 10:06:21 - app.mappers.category - DEBUG - map_category_to_viewmodel:42 - Mapping result: category_name=Hair Care
2025-12-26 10:06:21 - app.mappers.supplier_mapper - DEBUG - map_supplier_to_viewmodel:56 - Mapping supplier to viewmodel: TrendyCosmetics
2025-12-26 10:06:21 - app.mappers.supplier_mapper - DEBUG - map_supplier_to_viewmodel:78 - Supplier mapped to viewmodel: TrendyCosmetics
2025-12-26 10:06:21 - app.mappers.product_mapper - DEBUG - map_product_to_viewmodel:89 - Product mapped to viewmodel: Repair Conditioner
2025-12-26 10:06:21 - app.mappers.product_mapper - DEBUG - map_product_to_viewmodel:79 - Mapping product to viewmodel: Hair Mask
2025-12-26 10:06:21 - app.mappers.category - DEBUG - map_category_to_viewmodel:35 - Mapping Category DTO to ViewModel: Hair Care
2025-12-26 10:06:21 - app.mappers.category - DEBUG - map_category_to_viewmodel:42 - Mapping result: category_name=Hair Care
2025-12-26 10:06:21 - app.mappers.supplier_mapper - DEBUG - map_supplier_to_viewmodel:56 - Mapping supplier to viewmodel: CosmeticPlus
2025-12-26 10:06:21 - app.mappers.supplier_mapper - DEBUG - map_supplier_to_viewmodel:78 - Supplier mapped to viewmodel: CosmeticPlus
2025-12-26 10:06:21 - app.mappers.product_mapper - DEBUG - map_product_to_viewmodel:89 - Product mapped to viewmodel: Hair Mask
2025-12-26 10:06:21 - app.mappers.product_mapper - DEBUG - map_product_to_viewmodel:79 - Mapping product to viewmodel: Floral Perfume
2025-12-26 10:06:21 - app.mappers.category - DEBUG - map_category_to_viewmodel:35 - Mapping Category DTO to ViewModel: Fragrance
2025-12-26 10:06:21 - app.mappers.category - DEBUG - map_category_to_viewmodel:42 - Mapping result: category_name=Fragrance
2025-12-26 10:06:21 - app.mappers.supplier_mapper - DEBUG - map_supplier_to_viewmodel:56 - Mapping supplier to viewmodel: LuxuryBrands
2025-12-26 10:06:21 - app.mappers.supplier_mapper - DEBUG - map_supplier_to_viewmodel:78 - Supplier mapped to viewmodel: LuxuryBrands
2025-12-26 10:06:21 - app.mappers.product_mapper - DEBUG - map_product_to_viewmodel:89 - Product mapped to viewmodel: Floral Perfume
2025-12-26 10:06:21 - app.mappers.product_mapper - DEBUG - map_product_to_viewmodel:79 - Mapping product to viewmodel: Woody Cologne
2025-12-26 10:06:21 - app.mappers.category - DEBUG - map_category_to_viewmodel:35 - Mapping Category DTO to ViewModel: Fragrance
2025-12-26 10:06:21 - app.mappers.category - DEBUG - map_category_to_viewmodel:42 - Mapping result: category_name=Fragrance
2025-12-26 10:06:21 - app.mappers.supplier_mapper - DEBUG - map_supplier_to_viewmodel:56 - Mapping supplier to viewmodel: BeautyCorp
2025-12-26 10:06:21 - app.mappers.supplier_mapper - DEBUG - map_supplier_to_viewmodel:78 - Supplier mapped to viewmodel: BeautyCorp
2025-12-26 10:06:21 - app.mappers.product_mapper - DEBUG - map_product_to_viewmodel:89 - Product mapped to viewmodel: Woody Cologne
2025-12-26 10:06:21 - app.mappers.product_mapper - DEBUG - map_product_to_viewmodel:79 - Mapping product to viewmodel: Nail Polish Set
2025-12-26 10:06:21 - app.mappers.category - DEBUG - map_category_to_viewmodel:35 - Mapping Category DTO to ViewModel: Nail Care
2025-12-26 10:06:21 - app.mappers.category - DEBUG - map_category_to_viewmodel:42 - Mapping result: category_name=Nail Care
2025-12-26 10:06:21 - app.mappers.supplier_mapper - DEBUG - map_supplier_to_viewmodel:56 - Mapping supplier to viewmodel: TrendyCosmetics
2025-12-26 10:06:21 - app.mappers.supplier_mapper - DEBUG - map_supplier_to_viewmodel:78 - Supplier mapped to viewmodel: TrendyCosmetics
2025-12-26 10:06:21 - app.mappers.product_mapper - DEBUG - map_product_to_viewmodel:89 - Product mapped to viewmodel: Nail Polish Set
2025-12-26 10:06:21 - app.mappers.product_mapper - DEBUG - map_product_to_viewmodel:79 - Mapping product to viewmodel: Nail Strengthener
2025-12-26 10:06:21 - app.mappers.category - DEBUG - map_category_to_viewmodel:35 - Mapping Category DTO to ViewModel: Nail Care
2025-12-26 10:06:21 - app.mappers.category - DEBUG - map_category_to_viewmodel:42 - Mapping result: category_name=Nail Care
2025-12-26 10:06:21 - app.mappers.supplier_mapper - DEBUG - map_supplier_to_viewmodel:56 - Mapping supplier to viewmodel: NaturalGlow
2025-12-26 10:06:21 - app.mappers.supplier_mapper - DEBUG - map_supplier_to_viewmodel:78 - Supplier mapped to viewmodel: NaturalGlow
2025-12-26 10:06:21 - app.mappers.product_mapper - DEBUG - map_product_to_viewmodel:89 - Product mapped to viewmodel: Nail Strengthener
2025-12-26 10:06:21 - app.services.product_service - INFO - get_products:58 - Retrieved 13 products
2025-12-26 10:06:21 - app.routers.products - INFO - read_products:36 - Retrieved 13 products
2025-12-26 10:06:21 - app.routers.suppliers - INFO - read_suppliers:34 - Fetching suppliers with skip=0, limit=100
2025-12-26 10:06:21 - app.services.supplier_service - INFO - get_suppliers:53 - Retrieving suppliers with skip=0, limit=100
2025-12-26 10:06:21 - app.dbAccess.supplier - DEBUG - get_suppliers:20 - Querying suppliers with skip=0, limit=100
2025-12-26 10:06:21 - app.dbAccess.supplier - DEBUG - get_suppliers:23 - Retrieved 5 suppliers
2025-12-26 10:06:21 - app.mappers.supplier_mapper - DEBUG - map_supplier_to_viewmodel:56 - Mapping supplier to viewmodel: BeautyCorp
2025-12-26 10:06:21 - app.mappers.supplier_mapper - DEBUG - map_supplier_to_viewmodel:78 - Supplier mapped to viewmodel: BeautyCorp
2025-12-26 10:06:21 - app.mappers.supplier_mapper - DEBUG - map_supplier_to_viewmodel:56 - Mapping supplier to viewmodel: CosmeticPlus
2025-12-26 10:06:21 - app.mappers.supplier_mapper - DEBUG - map_supplier_to_viewmodel:78 - Supplier mapped to viewmodel: CosmeticPlus
2025-12-26 10:06:21 - app.mappers.supplier_mapper - DEBUG - map_supplier_to_viewmodel:56 - Mapping supplier to viewmodel: LuxuryBrands
2025-12-26 10:06:21 - app.mappers.supplier_mapper - DEBUG - map_supplier_to_viewmodel:78 - Supplier mapped to viewmodel: LuxuryBrands
2025-12-26 10:06:21 - app.mappers.supplier_mapper - DEBUG - map_supplier_to_viewmodel:56 - Mapping supplier to viewmodel: NaturalGlow
2025-12-26 10:06:21 - app.mappers.supplier_mapper - DEBUG - map_supplier_to_viewmodel:78 - Supplier mapped to viewmodel: NaturalGlow
2025-12-26 10:06:21 - app.mappers.supplier_mapper - DEBUG - map_supplier_to_viewmodel:56 - Mapping supplier to viewmodel: TrendyCosmetics
2025-12-26 10:06:21 - app.mappers.supplier_mapper - DEBUG - map_supplier_to_viewmodel:78 - Supplier mapped to viewmodel: TrendyCosmetics
2025-12-26 10:06:21 - app.services.supplier_service - INFO - get_suppliers:56 - Retrieved 5 suppliers
2025-12-26 10:06:21 - app.routers.suppliers - INFO - read_suppliers:36 - Retrieved 5 suppliers
2025-12-26 10:06:28 - app - INFO - startup:15 - Starting Cosmetics Inventory API
2025-12-26 10:06:28 - app - INFO - startup:18 - Database tables created/verified successfully
2025-12-26 10:06:30 - app.routers.categories - INFO - read_categories:34 - Fetching categories with skip=0, limit=100
2025-12-26 10:06:30 - app.dbAccess.category - DEBUG - get_categories:17 - Querying categories with skip=0, limit=100
2025-12-26 10:06:30 - app.dbAccess.category - DEBUG - get_categories:20 - Categories query returned 5 results
2025-12-26 10:06:30 - app.mappers.category - DEBUG - map_category_to_viewmodel:35 - Mapping Category DTO to ViewModel: Skincare
2025-12-26 10:06:30 - app.mappers.category - DEBUG - map_category_to_viewmodel:42 - Mapping result: category_name=Skincare
2025-12-26 10:06:30 - app.mappers.category - DEBUG - map_category_to_viewmodel:35 - Mapping Category DTO to ViewModel: Makeup
2025-12-26 10:06:30 - app.mappers.category - DEBUG - map_category_to_viewmodel:42 - Mapping result: category_name=Makeup
2025-12-26 10:06:30 - app.mappers.category - DEBUG - map_category_to_viewmodel:35 - Mapping Category DTO to ViewModel: Hair Care
2025-12-26 10:06:30 - app.mappers.category - DEBUG - map_category_to_viewmodel:42 - Mapping result: category_name=Hair Care
2025-12-26 10:06:30 - app.mappers.category - DEBUG - map_category_to_viewmodel:35 - Mapping Category DTO to ViewModel: Fragrance
2025-12-26 10:06:30 - app.mappers.category - DEBUG - map_category_to_viewmodel:42 - Mapping result: category_name=Fragrance
2025-12-26 10:06:30 - app.mappers.category - DEBUG - map_category_to_viewmodel:35 - Mapping Category DTO to ViewModel: Nail Care
2025-12-26 10:06:30 - app.mappers.category - DEBUG - map_category_to_viewmodel:42 - Mapping result: category_name=Nail Care
2025-12-26 10:06:30 - app.routers.categories - INFO - read_categories:36 - Retrieved 5 categories
2025-12-26 10:06:30 - app.routers.products - INFO - read_products:34 - Fetching products with skip=0, limit=100
2025-12-26 10:06:30 - app.services.product_service - INFO - get_products:55 - Retrieving products with skip=0, limit=100
2025-12-26 10:06:30 - app.dbAccess.product - DEBUG - get_products:25 - Querying products with skip=0, limit=100
2025-12-26 10:06:30 - app.dbAccess.product - DEBUG - get_products:32 - Retrieved 13 products
2025-12-26 10:06:30 - app.mappers.product_mapper - DEBUG - map_product_to_viewmodel:79 - Mapping product to viewmodel: Hydrating Face Cream
2025-12-26 10:06:30 - app.mappers.category - DEBUG - map_category_to_viewmodel:35 - Mapping Category DTO to ViewModel: Skincare
2025-12-26 10:06:30 - app.mappers.category - DEBUG - map_category_to_viewmodel:42 - Mapping result: category_name=Skincare
2025-12-26 10:06:30 - app.mappers.supplier_mapper - DEBUG - map_supplier_to_viewmodel:56 - Mapping supplier to viewmodel: BeautyCorp
2025-12-26 10:06:30 - app.mappers.supplier_mapper - DEBUG - map_supplier_to_viewmodel:78 - Supplier mapped to viewmodel: BeautyCorp
2025-12-26 10:06:30 - app.mappers.product_mapper - DEBUG - map_product_to_viewmodel:89 - Product mapped to viewmodel: Hydrating Face Cream
2025-12-26 10:06:30 - app.mappers.product_mapper - DEBUG - map_product_to_viewmodel:79 - Mapping product to viewmodel: Anti-Aging Serum
2025-12-26 10:06:30 - app.mappers.category - DEBUG - map_category_to_viewmodel:35 - Mapping Category DTO to ViewModel: Skincare
2025-12-26 10:06:30 - app.mappers.category - DEBUG - map_category_to_viewmodel:42 - Mapping result: category_name=Skincare
2025-12-26 10:06:30 - app.mappers.supplier_mapper - DEBUG - map_supplier_to_viewmodel:56 - Mapping supplier to viewmodel: CosmeticPlus
2025-12-26 10:06:30 - app.mappers.supplier_mapper - DEBUG - map_supplier_to_viewmodel:78 - Supplier mapped to viewmodel: CosmeticPlus
2025-12-26 10:06:30 - app.mappers.product_mapper - DEBUG - map_product_to_viewmodel:89 - Product mapped to viewmodel: Anti-Aging Serum
2025-12-26 10:06:30 - app.mappers.product_mapper - DEBUG - map_product_to_viewmodel:79 - Mapping product to viewmodel: Gentle Cleanser
2025-12-26 10:06:30 - app.mappers.category - DEBUG - map_category_to_viewmodel:35 - Mapping Category DTO to ViewModel: Skincare
2025-12-26 10:06:30 - app.mappers.category - DEBUG - map_category_to_viewmodel:42 - Mapping result: category_name=Skincare
2025-12-26 10:06:30 - app.mappers.supplier_mapper - DEBUG - map_supplier_to_viewmodel:56 - Mapping supplier to viewmodel: NaturalGlow
2025-12-26 10:06:30 - app.mappers.supplier_mapper - DEBUG - map_supplier_to_viewmodel:78 - Supplier mapped to viewmodel: NaturalGlow
2025-12-26 10:06:30 - app.mappers.product_mapper - DEBUG - map_product_to_viewmodel:89 - Product mapped to viewmodel: Gentle Cleanser
2025-12-26 10:06:30 - app.mappers.product_mapper - DEBUG - map_product_to_viewmodel:79 - Mapping product to viewmodel: Matte Lipstick
2025-12-26 10:06:30 - app.mappers.category - DEBUG - map_category_to_viewmodel:35 - Mapping Category DTO to ViewModel: Makeup
2025-12-26 10:06:30 - app.mappers.category - DEBUG - map_category_to_viewmodel:42 - Mapping result: category_name=Makeup
2025-12-26 10:06:30 - app.mappers.supplier_mapper - DEBUG - map_supplier_to_viewmodel:56 - Mapping supplier to viewmodel: CosmeticPlus
2025-12-26 10:06:30 - app.mappers.supplier_mapper - DEBUG - map_supplier_to_viewmodel:78 - Supplier mapped to viewmodel: CosmeticPlus
2025-12-26 10:06:30 - app.mappers.product_mapper - DEBUG - map_product_to_viewmodel:89 - Product mapped to viewmodel: Matte Lipstick
2025-12-26 10:06:30 - app.mappers.product_mapper - DEBUG - map_product_to_viewmodel:79 - Mapping product to viewmodel: Eyeshadow Palette
2025-12-26 10:06:30 - app.mappers.category - DEBUG - map_category_to_viewmodel:35 - Mapping Category DTO to ViewModel: Makeup
2025-12-26 10:06:30 - app.mappers.category - DEBUG - map_category_to_viewmodel:42 - Mapping result: category_name=Makeup
2025-12-26 10:06:30 - app.mappers.supplier_mapper - DEBUG - map_supplier_to_viewmodel:56 - Mapping supplier to viewmodel: LuxuryBrands
2025-12-26 10:06:30 - app.mappers.supplier_mapper - DEBUG - map_supplier_to_viewmodel:78 - Supplier mapped to viewmodel: LuxuryBrands
2025-12-26 10:06:30 - app.mappers.product_mapper - DEBUG - map_product_to_viewmodel:89 - Product mapped to viewmodel: Eyeshadow Palette
2025-12-26 10:06:30 - app.mappers.product_mapper - DEBUG - map_product_to_viewmodel:79 - Mapping product to viewmodel: Foundation
2025-12-26 10:06:30 - app.mappers.category - DEBUG - map_category_to_viewmodel:35 - Mapping Category DTO to ViewModel: Makeup
2025-12-26 10:06:30 - app.mappers.category - DEBUG - map_category_to_viewmodel:42 - Mapping result: category_name=Makeup
2025-12-26 10:06:30 - app.mappers.supplier_mapper - DEBUG - map_supplier_to_viewmodel:56 - Mapping supplier to viewmodel: BeautyCorp
2025-12-26 10:06:30 - app.mappers.supplier_mapper - DEBUG - map_supplier_to_viewmodel:78 - Supplier mapped to viewmodel: BeautyCorp
2025-12-26 10:06:30 - app.mappers.product_mapper - DEBUG - map_product_to_viewmodel:89 - Product mapped to viewmodel: Foundation
2025-12-26 10:06:30 - app.mappers.product_mapper - DEBUG - map_product_to_viewmodel:79 - Mapping product to viewmodel: Volume Shampoo
2025-12-26 10:06:30 - app.mappers.category - DEBUG - map_category_to_viewmodel:35 - Mapping Category DTO to ViewModel: Hair Care
2025-12-26 10:06:30 - app.mappers.category - DEBUG - map_category_to_viewmodel:42 - Mapping result: category_name=Hair Care
2025-12-26 10:06:30 - app.mappers.supplier_mapper - DEBUG - map_supplier_to_viewmodel:56 - Mapping supplier to viewmodel: NaturalGlow
2025-12-26 10:06:30 - app.mappers.supplier_mapper - DEBUG - map_supplier_to_viewmodel:78 - Supplier mapped to viewmodel: NaturalGlow
2025-12-26 10:06:30 - app.mappers.product_mapper - DEBUG - map_product_to_viewmodel:89 - Product mapped to viewmodel: Volume Shampoo
2025-12-26 10:06:30 - app.mappers.product_mapper - DEBUG - map_product_to_viewmodel:79 - Mapping product to viewmodel: Repair Conditioner
2025-12-26 10:06:30 - app.mappers.category - DEBUG - map_category_to_viewmodel:35 - Mapping Category DTO to ViewModel: Hair Care
2025-12-26 10:06:30 - app.mappers.category - DEBUG - map_category_to_viewmodel:42 - Mapping result: category_name=Hair Care
2025-12-26 10:06:30 - app.mappers.supplier_mapper - DEBUG - map_supplier_to_viewmodel:56 - Mapping supplier to viewmodel: TrendyCosmetics
2025-12-26 10:06:30 - app.mappers.supplier_mapper - DEBUG - map_supplier_to_viewmodel:78 - Supplier mapped to viewmodel: TrendyCosmetics
2025-12-26 10:06:30 - app.mappers.product_mapper - DEBUG - map_product_to_viewmodel:89 - Product mapped to viewmodel: Repair Conditioner
2025-12-26 10:06:30 - app.mappers.product_mapper - DEBUG - map_product_to_viewmodel:79 - Mapping product to viewmodel: Hair Mask
2025-12-26 10:06:30 - app.mappers.category - DEBUG - map_category_to_viewmodel:35 - Mapping Category DTO to ViewModel: Hair Care
2025-12-26 10:06:30 - app.mappers.category - DEBUG - map_category_to_viewmodel:42 - Mapping result: category_name=Hair Care
2025-12-26 10:06:30 - app.mappers.supplier_mapper - DEBUG - map_supplier_to_viewmodel:56 - Mapping supplier to viewmodel: CosmeticPlus
2025-12-26 10:06:30 - app.mappers.supplier_mapper - DEBUG - map_supplier_to_viewmodel:78 - Supplier mapped to viewmodel: CosmeticPlus
2025-12-26 10:06:30 - app.mappers.product_mapper - DEBUG - map_product_to_viewmodel:89 - Product mapped to viewmodel: Hair Mask
2025-12-26 10:06:30 - app.mappers.product_mapper - DEBUG - map_product_to_viewmodel:79 - Mapping product to viewmodel: Floral Perfume
2025-12-26 10:06:30 - app.mappers.category - DEBUG - map_category_to_viewmodel:35 - Mapping Category DTO to ViewModel: Fragrance
2025-12-26 10:06:30 - app.mappers.category - DEBUG - map_category_to_viewmodel:42 - Mapping result: category_name=Fragrance
2025-12-26 10:06:30 - app.mappers.supplier_mapper - DEBUG - map_supplier_to_viewmodel:56 - Mapping supplier to viewmodel: LuxuryBrands
2025-12-26 10:06:30 - app.mappers.supplier_mapper - DEBUG - map_supplier_to_viewmodel:78 - Supplier mapped to viewmodel: LuxuryBrands
2025-12-26 10:06:30 - app.mappers.product_mapper - DEBUG - map_product_to_viewmodel:89 - Product mapped to viewmodel: Floral Perfume
2025-12-26 10:06:30 - app.mappers.product_mapper - DEBUG - map_product_to_viewmodel:79 - Mapping product to viewmodel: Woody Cologne
2025-12-26 10:06:30 - app.mappers.category - DEBUG - map_category_to_viewmodel:35 - Mapping Category DTO to ViewModel: Fragrance
2025-12-26 10:06:30 - app.mappers.category - DEBUG - map_category_to_viewmodel:42 - Mapping result: category_name=Fragrance
2025-12-26 10:06:30 - app.mappers.supplier_mapper - DEBUG - map_supplier_to_viewmodel:56 - Mapping supplier to viewmodel: BeautyCorp
2025-12-26 10:06:30 - app.mappers.supplier_mapper - DEBUG - map_supplier_to_viewmodel:78 - Supplier mapped to viewmodel: BeautyCorp
2025-12-26 10:06:30 - app.mappers.product_mapper - DEBUG - map_product_to_viewmodel:89 - Product mapped to viewmodel: Woody Cologne
2025-12-26 10:06:30 - app.mappers.product_mapper - DEBUG - map_product_to_viewmodel:79 - Mapping product to viewmodel: Nail Polish Set
2025-12-26 10:06:30 - app.mappers.category - DEBUG - map_category_to_viewmodel:35 - Mapping Category DTO to ViewModel: Nail Care
2025-12-26 10:06:30 - app.mappers.category - DEBUG - map_category_to_viewmodel:42 - Mapping result: category_name=Nail Care
2025-12-26 10:06:30 - app.mappers.supplier_mapper - DEBUG - map_supplier_to_viewmodel:56 - Mapping supplier to viewmodel: TrendyCosmetics
2025-12-26 10:06:30 - app.mappers.supplier_mapper - DEBUG - map_supplier_to_viewmodel:78 - Supplier mapped to viewmodel: TrendyCosmetics
2025-12-26 10:06:30 - app.mappers.product_mapper - DEBUG - map_product_to_viewmodel:89 - Product mapped to viewmodel: Nail Polish Set
2025-12-26 10:06:30 - app.mappers.product_mapper - DEBUG - map_product_to_viewmodel:79 - Mapping product to viewmodel: Nail Strengthener
2025-12-26 10:06:30 - app.mappers.category - DEBUG - map_category_to_viewmodel:35 - Mapping Category DTO to ViewModel: Nail Care
2025-12-26 10:06:30 - app.mappers.category - DEBUG - map_category_to_viewmodel:42 - Mapping result: category_name=Nail Care
2025-12-26 10:06:30 - app.mappers.supplier_mapper - DEBUG - map_supplier_to_viewmodel:56 - Mapping supplier to viewmodel: NaturalGlow
2025-12-26 10:06:30 - app.mappers.supplier_mapper - DEBUG - map_supplier_to_viewmodel:78 - Supplier mapped to viewmodel: NaturalGlow
2025-12-26 10:06:30 - app.mappers.product_mapper - DEBUG - map_product_to_viewmodel:89 - Product mapped to viewmodel: Nail Strengthener
2025-12-26 10:06:30 - app.services.product_service - INFO - get_products:58 - Retrieved 13 products
2025-12-26 10:06:30 - app.routers.products - INFO - read_products:36 - Retrieved 13 products
2025-12-26 10:06:30 - app.routers.suppliers - INFO - read_suppliers:34 - Fetching suppliers with skip=0, limit=100
2025-12-26 10:06:30 - app.services.supplier_service - INFO - get_suppliers:53 - Retrieving suppliers with skip=0, limit=100
2025-12-26 10:06:30 - app.dbAccess.supplier - DEBUG - get_suppliers:20 - Querying suppliers with skip=0, limit=100
2025-12-26 10:06:30 - app.dbAccess.supplier - DEBUG - get_suppliers:23 - Retrieved 5 suppliers
2025-12-26 10:06:30 - app.mappers.supplier_mapper - DEBUG - map_supplier_to_viewmodel:56 - Mapping supplier to viewmodel: BeautyCorp
2025-12-26 10:06:30 - app.mappers.supplier_mapper - DEBUG - map_supplier_to_viewmodel:78 - Supplier mapped to viewmodel: BeautyCorp
2025-12-26 10:06:30 - app.mappers.supplier_mapper - DEBUG - map_supplier_to_viewmodel:56 - Mapping supplier to viewmodel: CosmeticPlus
2025-12-26 10:06:30 - app.mappers.supplier_mapper - DEBUG - map_supplier_to_viewmodel:78 - Supplier mapped to viewmodel: CosmeticPlus
2025-12-26 10:06:30 - app.mappers.supplier_mapper - DEBUG - map_supplier_to_viewmodel:56 - Mapping supplier to viewmodel: LuxuryBrands
2025-12-26 10:06:30 - app.mappers.supplier_mapper - DEBUG - map_supplier_to_viewmodel:78 - Supplier mapped to viewmodel: LuxuryBrands
2025-12-26 10:06:30 - app.mappers.supplier_mapper - DEBUG - map_supplier_to_viewmodel:56 - Mapping supplier to viewmodel: NaturalGlow
2025-12-26 10:06:30 - app.mappers.supplier_mapper - DEBUG - map_supplier_to_viewmodel:78 - Supplier mapped to viewmodel: NaturalGlow
2025-12-26 10:06:30 - app.mappers.supplier_mapper - DEBUG - map_supplier_to_viewmodel:56 - Mapping supplier to viewmodel: TrendyCosmetics
2025-12-26 10:06:30 - app.mappers.supplier_mapper - DEBUG - map_supplier_to_viewmodel:78 - Supplier mapped to viewmodel: TrendyCosmetics
2025-12-26 10:06:30 - app.services.supplier_service - INFO - get_suppliers:56 - Retrieved 5 suppliers
2025-12-26 10:06:30 - app.routers.suppliers - INFO - read_suppliers:36 - Retrieved 5 suppliers
2025-12-26 10:06:30 - app.routers.inventory - INFO - read_inventories:34 - Fetching inventories with skip=0, limit=100
2025-12-26 10:06:30 - app.services.inventory_service - INFO - get_inventories:52 - Retrieving inventories with skip=0, limit=100
2025-12-26 10:06:30 - app.dbAccess.inventory - DEBUG - get_inventories:25 - Querying inventories with skip=0, limit=100
2025-12-26 10:06:30 - app.dbAccess.inventory - DEBUG - get_inventories:31 - Retrieved 13 inventories
2025-12-26 10:06:30 - app.mappers.inventory_mapper - DEBUG - map_inventory_to_viewmodel:51 - Mapping inventory to viewmodel: 1
2025-12-26 10:06:30 - app.mappers.inventory_mapper - DEBUG - map_inventory_to_viewmodel:59 - Inventory mapped to viewmodel: 1
2025-12-26 10:06:30 - app.mappers.inventory_mapper - DEBUG - map_inventory_to_viewmodel:51 - Mapping inventory to viewmodel: 2
2025-12-26 10:06:30 - app.mappers.inventory_mapper - DEBUG - map_inventory_to_viewmodel:59 - Inventory mapped to viewmodel: 2
2025-12-26 10:06:30 - app.mappers.inventory_mapper - DEBUG - map_inventory_to_viewmodel:51 - Mapping inventory to viewmodel: 3
2025-12-26 10:06:30 - app.mappers.inventory_mapper - DEBUG - map_inventory_to_viewmodel:59 - Inventory mapped to viewmodel: 3
2025-12-26 10:06:30 - app.mappers.inventory_mapper - DEBUG - map_inventory_to_viewmodel:51 - Mapping inventory to viewmodel: 4
2025-12-26 10:06:30 - app.mappers.inventory_mapper - DEBUG - map_inventory_to_viewmodel:59 - Inventory mapped to viewmodel: 4
2025-12-26 10:06:30 - app.mappers.inventory_mapper - DEBUG - map_inventory_to_viewmodel:51 - Mapping inventory to viewmodel: 5
2025-12-26 10:06:30 - app.mappers.inventory_mapper - DEBUG - map_inventory_to_viewmodel:59 - Inventory mapped to viewmodel: 5
2025-12-26 10:06:30 - app.mappers.inventory_mapper - DEBUG - map_inventory_to_viewmodel:51 - Mapping inventory to viewmodel: 6
2025-12-26 10:06:30 - app.mappers.inventory_mapper - DEBUG - map_inventory_to_viewmodel:59 - Inventory mapped to viewmodel: 6
2025-12-26 10:06:30 - app.mappers.inventory_mapper - DEBUG - map_inventory_to_viewmodel:51 - Mapping inventory to viewmodel: 7
2025-12-26 10:06:30 - app.mappers.inventory_mapper - DEBUG - map_inventory_to_viewmodel:59 - Inventory mapped to viewmodel: 7
2025-12-26 10:06:30 - app.mappers.inventory_mapper - DEBUG - map_inventory_to_viewmodel:51 - Mapping inventory to viewmodel: 8
2025-12-26 10:06:30 - app.mappers.inventory_mapper - DEBUG - map_inventory_to_viewmodel:59 - Inventory mapped to viewmodel: 8
2025-12-26 10:06:30 - app.mappers.inventory_mapper - DEBUG - map_inventory_to_viewmodel:51 - Mapping inventory to viewmodel: 9
2025-12-26 10:06:30 - app.mappers.inventory_mapper - DEBUG - map_inventory_to_viewmodel:59 - Inventory mapped to viewmodel: 9
2025-12-26 10:06:30 - app.mappers.inventory_mapper - DEBUG - map_inventory_to_viewmodel:51 - Mapping inventory to viewmodel: 10
2025-12-26 10:06:30 - app.mappers.inventory_mapper - DEBUG - map_inventory_to_viewmodel:59 - Inventory mapped to viewmodel: 10
2025-12-26 10:06:30 - app.mappers.inventory_mapper - DEBUG - map_inventory_to_viewmodel:51 - Mapping inventory to viewmodel: 11
2025-12-26 10:06:30 - app.mappers.inventory_mapper - DEBUG - map_inventory_to_viewmodel:59 - Inventory mapped to viewmodel: 11
2025-12-26 10:06:30 - app.mappers.inventory_mapper - DEBUG - map_inventory_to_viewmodel:51 - Mapping inventory to viewmodel: 12
2025-12-26 10:06:30 - app.mappers.inventory_mapper - DEBUG - map_inventory_to_viewmodel:59 - Inventory mapped to viewmodel: 12
2025-12-26 10:06:30 - app.mappers.inventory_mapper - DEBUG - map_inventory_to_viewmodel:51 - Mapping inventory to viewmodel: 13
2025-12-26 10:06:30 - app.mappers.inventory_mapper - DEBUG - map_inventory_to_viewmodel:59 - Inventory mapped to viewmodel: 13
2025-12-26 10:06:30 - app.services.inventory_service - INFO - get_inventories:55 - Retrieved 13 inventories
2025-12-26 10:06:30 - app.routers.inventory - INFO - read_inventories:36 - Retrieved 13 inventories
2025-12-26 10:11:49 - app - INFO - startup:15 - Starting Cosmetics Inventory API
2025-12-26 10:11:49 - app - INFO - startup:18 - Database tables created/verified successfully
2025-12-26 10:12:24 - app.routers.inventory - INFO - read_inventories:34 - Fetching inventories with skip=0, limit=100
2025-12-26 10:12:24 - app.services.inventory_service - INFO - get_inventories:52 - Retrieving inventories with skip=0, limit=100
2025-12-26 10:12:24 - app.dbAccess.inventory - DEBUG - get_inventories:25 - Querying inventories with skip=0, limit=100
2025-12-26 10:12:24 - app.dbAccess.inventory - DEBUG - get_inventories:31 - Retrieved 13 inventories
2025-12-26 10:12:24 - app.mappers.inventory_mapper - DEBUG - map_inventory_to_viewmodel:51 - Mapping inventory to viewmodel: 1
2025-12-26 10:12:24 - app.mappers.inventory_mapper - DEBUG - map_inventory_to_viewmodel:59 - Inventory mapped to viewmodel: 1
2025-12-26 10:12:24 - app.mappers.inventory_mapper - DEBUG - map_inventory_to_viewmodel:51 - Mapping inventory to viewmodel: 2
2025-12-26 10:12:24 - app.mappers.inventory_mapper - DEBUG - map_inventory_to_viewmodel:59 - Inventory mapped to viewmodel: 2
2025-12-26 10:12:24 - app.mappers.inventory_mapper - DEBUG - map_inventory_to_viewmodel:51 - Mapping inventory to viewmodel: 3
2025-12-26 10:12:24 - app.mappers.inventory_mapper - DEBUG - map_inventory_to_viewmodel:59 - Inventory mapped to viewmodel: 3
2025-12-26 10:12:24 - app.mappers.inventory_mapper - DEBUG - map_inventory_to_viewmodel:51 - Mapping inventory to viewmodel: 4
2025-12-26 10:12:24 - app.mappers.inventory_mapper - DEBUG - map_inventory_to_viewmodel:59 - Inventory mapped to viewmodel: 4
2025-12-26 10:12:24 - app.mappers.inventory_mapper - DEBUG - map_inventory_to_viewmodel:51 - Mapping inventory to viewmodel: 5
2025-12-26 10:12:24 - app.mappers.inventory_mapper - DEBUG - map_inventory_to_viewmodel:59 - Inventory mapped to viewmodel: 5
2025-12-26 10:12:24 - app.mappers.inventory_mapper - DEBUG - map_inventory_to_viewmodel:51 - Mapping inventory to viewmodel: 6
2025-12-26 10:12:24 - app.mappers.inventory_mapper - DEBUG - map_inventory_to_viewmodel:59 - Inventory mapped to viewmodel: 6
2025-12-26 10:12:24 - app.mappers.inventory_mapper - DEBUG - map_inventory_to_viewmodel:51 - Mapping inventory to viewmodel: 7
2025-12-26 10:12:24 - app.mappers.inventory_mapper - DEBUG - map_inventory_to_viewmodel:59 - Inventory mapped to viewmodel: 7
2025-12-26 10:12:24 - app.mappers.inventory_mapper - DEBUG - map_inventory_to_viewmodel:51 - Mapping inventory to viewmodel: 8
2025-12-26 10:12:24 - app.mappers.inventory_mapper - DEBUG - map_inventory_to_viewmodel:59 - Inventory mapped to viewmodel: 8
2025-12-26 10:12:24 - app.mappers.inventory_mapper - DEBUG - map_inventory_to_viewmodel:51 - Mapping inventory to viewmodel: 9
2025-12-26 10:12:24 - app.mappers.inventory_mapper - DEBUG - map_inventory_to_viewmodel:59 - Inventory mapped to viewmodel: 9
2025-12-26 10:12:24 - app.mappers.inventory_mapper - DEBUG - map_inventory_to_viewmodel:51 - Mapping inventory to viewmodel: 10
2025-12-26 10:12:24 - app.mappers.inventory_mapper - DEBUG - map_inventory_to_viewmodel:59 - Inventory mapped to viewmodel: 10
2025-12-26 10:12:24 - app.mappers.inventory_mapper - DEBUG - map_inventory_to_viewmodel:51 - Mapping inventory to viewmodel: 11
2025-12-26 10:12:24 - app.mappers.inventory_mapper - DEBUG - map_inventory_to_viewmodel:59 - Inventory mapped to viewmodel: 11
2025-12-26 10:12:24 - app.mappers.inventory_mapper - DEBUG - map_inventory_to_viewmodel:51 - Mapping inventory to viewmodel: 12
2025-12-26 10:12:24 - app.mappers.inventory_mapper - DEBUG - map_inventory_to_viewmodel:59 - Inventory mapped to viewmodel: 12
2025-12-26 10:12:24 - app.mappers.inventory_mapper - DEBUG - map_inventory_to_viewmodel:51 - Mapping inventory to viewmodel: 13
2025-12-26 10:12:24 - app.mappers.inventory_mapper - DEBUG - map_inventory_to_viewmodel:59 - Inventory mapped to viewmodel: 13
2025-12-26 10:12:24 - app.services.inventory_service - INFO - get_inventories:55 - Retrieved 13 inventories
2025-12-26 10:12:24 - app.routers.inventory - INFO - read_inventories:36 - Retrieved 13 inventories
2025-12-26 10:17:34 - app - INFO - shutdown:22 - Shutting down Cosmetics Inventory API
